Gene,Num_patterns,MERINGUE_consensus
A2M,1,Cluster_1
ABAT,8,Cluster_1
ABCA2,1,Cluster_1
ABHD12,1,Cluster_1
ABI2,6,Cluster_1
ABLIM2,2,Cluster_1
ABR,3,Cluster_1
AC009041.2,5,Cluster_1
AC107398.3,1,Cluster_1
ACAP3,1,Cluster_1
ACO2,3,Cluster_1
ACOT7,4,Cluster_1
ACTB,1,Cluster_1
ACTG1,5,Cluster_1
ACTN1,3,Cluster_1
ACTR2,2,Cluster_1
ACTR3B,3,Cluster_1
ADAM23,1,Cluster_1
ADAR,3,Cluster_1
ADCY3,2,Cluster_1
ADCY5,4,Cluster_1
ADD1,1,Cluster_1
ADGRB2,4,Cluster_1
ADGRG1,1,Cluster_1
ADGRL1,1,Cluster_1
ADORA2A,2,Cluster_1
AGAP2,1,Cluster_1
AGAP3,2,Cluster_1
AHCYL1,4,Cluster_1
AK5,5,Cluster_1
AKAP11,6,Cluster_1
AKAP5,3,Cluster_1
AKR1B1,7,Cluster_1
AL020994.2,1,Cluster_1
AL627171.2,1,Cluster_1
ALCAM,3,Cluster_1
ALDH6A1,1,Cluster_1
ALDOA,1,Cluster_1
ALDOC,2,Cluster_1
ALKBH7,1,Cluster_1
AMFR,1,Cluster_1
AMPD2,2,Cluster_1
ANK2,7,Cluster_1
ANKRD12,1,Cluster_1
ANKS1B,7,Cluster_1
ANO3,2,Cluster_1
ANXA6,4,Cluster_1
ANXA7,1,Cluster_1
AP1S1,4,Cluster_1
AP2B1,1,Cluster_1
AP2M1,7,Cluster_1
AP2S1,3,Cluster_1
AP3S1,1,Cluster_1
APBB1,5,Cluster_1
APC,1,Cluster_1
APLP1,4,Cluster_1
APLP2,6,Cluster_1
APOC1,2,Cluster_1
APOE,2,Cluster_1
APP,7,Cluster_1
AQP4,3,Cluster_1
ARF1,8,Cluster_1
ARF3,6,Cluster_1
ARF5,1,Cluster_1
ARFGEF3,1,Cluster_1
ARGLU1,1,Cluster_1
ARHGDIA,1,Cluster_1
ARHGEF17,3,Cluster_1
ARHGEF4,4,Cluster_1
ARHGEF9,2,Cluster_1
ARL2,8,Cluster_1
ARL6IP1,4,Cluster_1
ARL6IP5,2,Cluster_1
ARL8B,1,Cluster_1
ARNT2,6,Cluster_1
ARPC2,2,Cluster_1
ARPC3,2,Cluster_1
ARPP19,2,Cluster_1
ARPP21,5,Cluster_1
ASAH1,1,Cluster_1
ATL1,4,Cluster_1
ATOX1,1,Cluster_1
ATP1A1,6,Cluster_1
ATP1A2,2,Cluster_1
ATP1A3,3,Cluster_1
ATP1B1,5,Cluster_1
ATP1B2,2,Cluster_1
ATP2A2,3,Cluster_1
ATP2B1,2,Cluster_1
ATP2B2,2,Cluster_1
ATP2B4,1,Cluster_1
ATP5F1A,8,Cluster_1
ATP5F1B,7,Cluster_1
ATP5F1C,2,Cluster_1
ATP5F1D,3,Cluster_1
ATP5F1E,4,Cluster_1
ATP5IF1,3,Cluster_1
ATP5MC1,3,Cluster_1
ATP5MC2,1,Cluster_1
ATP5MC3,6,Cluster_1
ATP5MD,4,Cluster_1
ATP5ME,2,Cluster_1
ATP5MF,2,Cluster_1
ATP5MG,4,Cluster_1
ATP5MPL,4,Cluster_1
ATP5PB,2,Cluster_1
ATP5PD,2,Cluster_1
ATP5PF,2,Cluster_1
ATP5PO,1,Cluster_1
ATP6AP1,6,Cluster_1
ATP6AP2,8,Cluster_1
ATP6V0A1,6,Cluster_1
ATP6V0B,7,Cluster_1
ATP6V0C,4,Cluster_1
ATP6V0D1,4,Cluster_1
ATP6V0E2,3,Cluster_1
ATP6V1A,3,Cluster_1
ATP6V1B2,5,Cluster_1
ATP6V1D,1,Cluster_1
ATP6V1E1,5,Cluster_1
ATP6V1F,1,Cluster_1
ATP6V1H,7,Cluster_1
ATP8A1,9,Cluster_1
ATP9A,7,Cluster_1
ATRX,1,Cluster_1
ATXN10,4,Cluster_1
AUXG01000058.1,2,Cluster_1
B2M,5,Cluster_1
B3GLCT,1,Cluster_1
B4GAT1,3,Cluster_1
BAIAP2,5,Cluster_1
BAIAP3,1,Cluster_1
BASP1,2,Cluster_1
BCAN,2,Cluster_1
BCAP31,1,Cluster_1
BCL11B,2,Cluster_1
BCR,2,Cluster_1
BEX1,4,Cluster_1
BEX2,5,Cluster_1
BEX3,4,Cluster_1
BEX4,5,Cluster_1
BEX5,1,Cluster_1
BIN1,1,Cluster_1
BLCAP,2,Cluster_1
BMERB1,1,Cluster_1
BMPR2,3,Cluster_1
BRK1,1,Cluster_1
BRWD1,1,Cluster_1
BSCL2,5,Cluster_1
BSG,5,Cluster_1
BTF3,1,Cluster_1
C12orf57,1,Cluster_1
C19orf53,2,Cluster_1
C1orf61,2,Cluster_1
C1QTNF4,4,Cluster_1
C20orf27,5,Cluster_1
C4orf3,1,Cluster_1
C4orf48,2,Cluster_1
C9orf16,1,Cluster_1
CA11,3,Cluster_1
CA12,1,Cluster_1
CACNA1E,3,Cluster_1
CACNB4,2,Cluster_1
CACYBP,2,Cluster_1
CADM1,2,Cluster_1
CADM2,2,Cluster_1
CADM3,6,Cluster_1
CALB1,3,Cluster_1
CALM1,5,Cluster_1
CALM2,5,Cluster_1
CALM3,6,Cluster_1
CALR,3,Cluster_1
CALY,2,Cluster_1
CAMK2A,2,Cluster_1
CAMK2B,5,Cluster_1
CAMK2N1,5,Cluster_1
CAMK4,4,Cluster_1
CAMKK1,1,Cluster_1
CAMKV,5,Cluster_1
CAND1,1,Cluster_1
CANX,1,Cluster_1
CAP1,1,Cluster_1
CAP2,2,Cluster_1
CAPNS1,3,Cluster_1
CAPZA2,1,Cluster_1
CAPZB,1,Cluster_1
CARHSP1,1,Cluster_1
CARTPT,1,Cluster_1
CBR1,1,Cluster_1
CCDC85B,2,Cluster_1
CCK,2,Cluster_1
CCNI,3,Cluster_1
CCT4,1,Cluster_1
CCT5,1,Cluster_1
CCT7,1,Cluster_1
CD24,1,Cluster_1
CD47,3,Cluster_1
CD59,4,Cluster_1
CD81,6,Cluster_1
CDIP1,2,Cluster_1
CDK17,6,Cluster_1
CDK5R1,1,Cluster_1
CDKN2D,1,Cluster_1
CELF1,1,Cluster_1
CELF2,4,Cluster_1
CELF4,7,Cluster_1
CELF5,1,Cluster_1
CEND1,2,Cluster_1
CFL1,3,Cluster_1
CHCHD10,4,Cluster_1
CHCHD2,5,Cluster_1
CHGB,3,Cluster_1
CHL1,5,Cluster_1
CHMP2A,1,Cluster_1
CHMP3,3,Cluster_1
CHN1,4,Cluster_1
CHRM1,2,Cluster_1
CHST2,1,Cluster_1
CIRBP,3,Cluster_1
CISD1,3,Cluster_1
CKB,2,Cluster_1
CLIP3,3,Cluster_1
CLIP4,1,Cluster_1
CLK1,1,Cluster_1
CLPTM1,1,Cluster_1
CLSTN1,4,Cluster_1
CLSTN3,1,Cluster_1
CLTB,1,Cluster_1
CLTC,7,Cluster_1
CLU,2,Cluster_1
CNBP,2,Cluster_1
CNIH2,2,Cluster_1
CNKSR2,1,Cluster_1
CNN3,1,Cluster_1
CNTN1,5,Cluster_1
COCH,2,Cluster_1
COMMD6,1,Cluster_1
COPE,1,Cluster_1
COPRS,1,Cluster_1
COPS6,1,Cluster_1
COPS9,2,Cluster_1
CORO2B,2,Cluster_1
CORT,4,Cluster_1
COX14,1,Cluster_1
COX4I1,5,Cluster_1
COX5A,4,Cluster_1
COX5B,4,Cluster_1
COX6A1,5,Cluster_1
COX6B1,2,Cluster_1
COX6C,3,Cluster_1
COX7A2,4,Cluster_1
COX7B,4,Cluster_1
COX7C,4,Cluster_1
COX8A,5,Cluster_1
CPE,4,Cluster_1
CPLX1,2,Cluster_1
CPLX2,5,Cluster_1
CPNE5,5,Cluster_1
CRABP1,2,Cluster_1
CREG2,2,Cluster_1
CRIP2,2,Cluster_1
CRLF1,1,Cluster_1
CRMP1,1,Cluster_1
CRYM,6,Cluster_1
CSDE1,2,Cluster_1
CSNK2B,1,Cluster_1
CSPG5,4,Cluster_1
CSRP1,1,Cluster_1
CST3,2,Cluster_1
CTNNB1,4,Cluster_1
CTSB,7,Cluster_1
CTSD,2,Cluster_1
CTXN1,6,Cluster_1
CUTA,6,Cluster_1
CX3CL1,1,Cluster_1
CXCL14,1,Cluster_1
CYB5R3,1,Cluster_1
CYC1,3,Cluster_1
CYCS,2,Cluster_1
CYFIP2,4,Cluster_1
CYP46A1,3,Cluster_1
DAD1,2,Cluster_1
DCLK1,5,Cluster_1
DCTN1,6,Cluster_1
DCTN2,1,Cluster_1
DCTN3,1,Cluster_1
DDAH1,2,Cluster_1
DDN,5,Cluster_1
DDX17,7,Cluster_1
DDX24,6,Cluster_1
DDX5,5,Cluster_1
DDX54,1,Cluster_1
DGKB,1,Cluster_1
DGKZ,2,Cluster_1
DHCR24,1,Cluster_1
DIRAS3,2,Cluster_1
DKK3,3,Cluster_1
DLGAP4,1,Cluster_1
DMTN,8,Cluster_1
DNAJA1,5,Cluster_1
DNAJA4,2,Cluster_1
DNAJB1,1,Cluster_1
DNAJB6,2,Cluster_1
DNAJC5,3,Cluster_1
DNAJC6,1,Cluster_1
DNER,1,Cluster_1
DNM1,7,Cluster_1
DOCK4,1,Cluster_1
DPP6,7,Cluster_1
DPP7,2,Cluster_1
DPYSL2,1,Cluster_1
DRD1,3,Cluster_1
DST,3,Cluster_1
DSTN,2,Cluster_1
DTNBP1,1,Cluster_1
DUSP1,1,Cluster_1
DUSP2,1,Cluster_1
DYNC1H1,2,Cluster_1
DYNC1I1,1,Cluster_1
DYNLL1,5,Cluster_1
DYNLL2,5,Cluster_1
DYNLRB1,4,Cluster_1
ECHS1,1,Cluster_1
EDF1,2,Cluster_1
EDNRB,1,Cluster_1
EEF1A1,2,Cluster_1
EEF1A2,7,Cluster_1
EEF1B2,2,Cluster_1
EEF1G,1,Cluster_1
EEF2,2,Cluster_1
EFEMP1,1,Cluster_1
EFNB3,2,Cluster_1
EGR1,1,Cluster_1
EGR3,1,Cluster_1
EID1,3,Cluster_1
EIF1,2,Cluster_1
EIF1B,4,Cluster_1
EIF3H,1,Cluster_1
EIF4A1,1,Cluster_1
EIF4A2,6,Cluster_1
EIF4H,2,Cluster_1
EIF5,1,Cluster_1
ELMO1,1,Cluster_1
ELMOD1,7,Cluster_1
ELOB,4,Cluster_1
EMC4,1,Cluster_1
ENC1,3,Cluster_1
ENHO,2,Cluster_1
ENO1,6,Cluster_1
ENO2,7,Cluster_1
ENSA,1,Cluster_1
ENTPD6,5,Cluster_1
EPB41L1,4,Cluster_1
EVL,4,Cluster_1
FAIM2,7,Cluster_1
FAM102A,1,Cluster_1
FAM107A,3,Cluster_1
FAM162A,1,Cluster_1
FAM168B,5,Cluster_1
FAM171A1,8,Cluster_1
FAM171B,3,Cluster_1
FAM3C,1,Cluster_1
FAM49A,1,Cluster_1
FAM49B,1,Cluster_1
FASN,1,Cluster_1
FAU,2,Cluster_1
FBXL16,3,Cluster_1
FBXO2,2,Cluster_1
FBXO3,1,Cluster_1
FBXO44,2,Cluster_1
FGF12,1,Cluster_1
FGF13,1,Cluster_1
FGFR3,3,Cluster_1
FHL1,4,Cluster_1
FKBP1A,6,Cluster_1
FKBP3,1,Cluster_1
FKBP8,4,Cluster_1
FOS,1,Cluster_1
FOXG1,1,Cluster_1
FOXP1,3,Cluster_1
FRRS1L,9,Cluster_1
FSCN1,2,Cluster_1
FTL,1,Cluster_1
FTO,1,Cluster_1
FUS,1,Cluster_1
FXYD6,1,Cluster_1
G3BP2,6,Cluster_1
GABARAP,2,Cluster_1
GABARAPL1,6,Cluster_1
GABARAPL2,4,Cluster_1
GABBR1,7,Cluster_1
GABRA4,3,Cluster_1
GABRA5,3,Cluster_1
GABRB3,6,Cluster_1
GABRD,5,Cluster_1
GABRG2,4,Cluster_1
GAD1,6,Cluster_1
GAD2,8,Cluster_1
GADD45GIP1,1,Cluster_1
GAP43,4,Cluster_1
GAPDH,4,Cluster_1
GAS7,6,Cluster_1
GDA,2,Cluster_1
GDI1,6,Cluster_1
GET1,2,Cluster_1
GHITM,8,Cluster_1
GJA1,2,Cluster_1
GLG1,2,Cluster_1
GLRB,1,Cluster_1
GLS,3,Cluster_1
GLUD1,1,Cluster_1
GLUL,3,Cluster_1
GNAI2,1,Cluster_1
GNAL,7,Cluster_1
GNAO1,3,Cluster_1
GNAS,2,Cluster_1
GNB1,5,Cluster_1
GNB2,2,Cluster_1
GNG3,3,Cluster_1
GNG7,3,Cluster_1
GOT1,3,Cluster_1
GP1BB,2,Cluster_1
GPC1,1,Cluster_1
GPI,7,Cluster_1
GPM6A,4,Cluster_1
GPR155,2,Cluster_1
GPR6,2,Cluster_1
GPR88,3,Cluster_1
GPRASP1,1,Cluster_1
GPX3,3,Cluster_1
GPX4,4,Cluster_1
GRB2,2,Cluster_1
GRIA1,1,Cluster_1
GRIA2,7,Cluster_1
GRIN1,7,Cluster_1
GRINA,8,Cluster_1
GRM3,2,Cluster_1
GSTM3,3,Cluster_1
GTF2I,3,Cluster_1
GUCY1B1,8,Cluster_1
GUK1,5,Cluster_1
H1FX,4,Cluster_1
H2AFV,1,Cluster_1
H2AFY,1,Cluster_1
H2AFZ,3,Cluster_1
H3F3A,2,Cluster_1
H3F3B,1,Cluster_1
HABP4,3,Cluster_1
HCFC1R1,2,Cluster_1
HDLBP,1,Cluster_1
HEPACAM,1,Cluster_1
HES4,4,Cluster_1
HIGD1A,1,Cluster_1
HIGD2A,1,Cluster_1
HINT1,4,Cluster_1
HK1,1,Cluster_1
HLA.A,4,Cluster_1
HLA.B,5,Cluster_1
HLA.C,1,Cluster_1
HMGB1,3,Cluster_1
HMGN3,1,Cluster_1
HNRNPA0,2,Cluster_1
HNRNPA1,2,Cluster_1
HNRNPA2B1,2,Cluster_1
HNRNPC,4,Cluster_1
HNRNPDL,7,Cluster_1
HNRNPH1,2,Cluster_1
HNRNPK,5,Cluster_1
HNRNPU,2,Cluster_1
HOPX,1,Cluster_1
HP1BP3,2,Cluster_1
HPCA,2,Cluster_1
HPCAL4,2,Cluster_1
HPRT1,1,Cluster_1
HRH3,1,Cluster_1
HSP90AA1,7,Cluster_1
HSP90AB1,4,Cluster_1
HSP90B1,8,Cluster_1
HSPA13,2,Cluster_1
HSPA1A,2,Cluster_1
HSPA5,5,Cluster_1
HSPA8,5,Cluster_1
HSPA9,1,Cluster_1
HSPB1,1,Cluster_1
HSPBP1,1,Cluster_1
HSPD1,2,Cluster_1
HSPE1,1,Cluster_1
HSPH1,7,Cluster_1
HTR2C,7,Cluster_1
HTRA1,5,Cluster_1
ICAM5,4,Cluster_1
IDH3A,2,Cluster_1
IDH3G,1,Cluster_1
IDS,4,Cluster_1
IFI6,1,Cluster_1
IGSF8,2,Cluster_1
INA,3,Cluster_1
INPP5A,2,Cluster_1
INPP5F,6,Cluster_1
ISCU,3,Cluster_1
ITFG1,7,Cluster_1
ITGAV,4,Cluster_1
ITGB1BP1,1,Cluster_1
ITM2B,4,Cluster_1
ITM2C,2,Cluster_1
ITPK1,1,Cluster_1
JAKMIP1,1,Cluster_1
JPH4,4,Cluster_1
JPT1,1,Cluster_1
JTB,1,Cluster_1
JUN,1,Cluster_1
JUNB,1,Cluster_1
JUND,3,Cluster_1
KCNAB1,2,Cluster_1
KCNAB2,1,Cluster_1
KCNIP2,3,Cluster_1
KCTD4,5,Cluster_1
KIAA0513,3,Cluster_1
KIF1A,6,Cluster_1
KIF1B,3,Cluster_1
KIF3C,5,Cluster_1
KIF5C,3,Cluster_1
KIFAP3,1,Cluster_1
KIFC2,2,Cluster_1
KLC1,5,Cluster_1
KLHL2,4,Cluster_1
LAMP5,4,Cluster_1
LANCL1,4,Cluster_1
LDHA,5,Cluster_1
LDHB,3,Cluster_1
LGI1,2,Cluster_1
LINC00632,1,Cluster_1
LMO3,6,Cluster_1
LMO4,5,Cluster_1
LMO7,2,Cluster_1
LONRF2,5,Cluster_1
LPCAT4,1,Cluster_1
LPL,2,Cluster_1
LRP1,4,Cluster_1
LRPAP1,3,Cluster_1
LRRC10B,1,Cluster_1
LRRC7,1,Cluster_1
LSAMP,1,Cluster_1
LY6E,3,Cluster_1
LY6H,2,Cluster_1
LZTS3,5,Cluster_1
MACF1,1,Cluster_1
MAGED1,2,Cluster_1
MAN1A1,5,Cluster_1
MAOB,1,Cluster_1
MAP1A,6,Cluster_1
MAP1B,4,Cluster_1
MAP1LC3A,2,Cluster_1
MAP2,4,Cluster_1
MAP2K1,9,Cluster_1
MAP2K2,1,Cluster_1
MAP4,1,Cluster_1
MAP7D1,1,Cluster_1
MAPK1,8,Cluster_1
MAPK3,1,Cluster_1
MAPK8IP2,4,Cluster_1
MAPK8IP3,1,Cluster_1
MAPRE2,3,Cluster_1
MAPRE3,3,Cluster_1
MAPT,1,Cluster_1
MARCH6,3,Cluster_1
MARCKS,1,Cluster_1
MAST3,6,Cluster_1
MAT2A,1,Cluster_1
MBNL2,4,Cluster_1
MBOAT7,3,Cluster_1
MCTP1,1,Cluster_1
MDH1,5,Cluster_1
MDH2,2,Cluster_1
MEF2D,1,Cluster_1
MEG3,7,Cluster_1
MEIS2,6,Cluster_1
METRN,1,Cluster_1
METTL26,2,Cluster_1
METTL9,1,Cluster_1
MGST3,1,Cluster_1
MICOS10,1,Cluster_1
MICOS13,1,Cluster_1
MIF,5,Cluster_1
MINK1,2,Cluster_1
MLC1,1,Cluster_1
MLF2,6,Cluster_1
MLLT11,2,Cluster_1
MMD,4,Cluster_1
MOAP1,5,Cluster_1
MORF4L1,4,Cluster_1
MORF4L2,5,Cluster_1
MPRIP,2,Cluster_1
MRAS,1,Cluster_1
MRFAP1,1,Cluster_1
MRPL28,1,Cluster_1
MRPL33,2,Cluster_1
MRPS21,1,Cluster_1
MRTFB,9,Cluster_1
MT2A,2,Cluster_1
MT3,2,Cluster_1
MTCH1,5,Cluster_1
MTPN,6,Cluster_1
MTRNR2L1,2,Cluster_1
MTRNR2L10,1,Cluster_1
MTRNR2L12,2,Cluster_1
MTRNR2L8,2,Cluster_1
MXRA7,2,Cluster_1
MYCBP2,3,Cluster_1
MYL12B,1,Cluster_1
MYL6,2,Cluster_1
MYL6B,2,Cluster_1
MYO5A,4,Cluster_1
MYT1L,3,Cluster_1
MZT1,2,Cluster_1
MZT2B,1,Cluster_1
NAA38,2,Cluster_1
NACA,3,Cluster_1
NAP1L1,2,Cluster_1
NAP1L2,1,Cluster_1
NAP1L3,1,Cluster_1
NAPA,2,Cluster_1
NAPB,1,Cluster_1
NARS,1,Cluster_1
NAT8L,6,Cluster_1
NCAM1,5,Cluster_1
NCAN,1,Cluster_1
NCDN,5,Cluster_1
NCKAP1,7,Cluster_1
NCL,1,Cluster_1
NCS1,4,Cluster_1
NDFIP1,6,Cluster_1
NDN,2,Cluster_1
NDRG2,2,Cluster_1
NDRG3,2,Cluster_1
NDRG4,8,Cluster_1
NDUFA1,2,Cluster_1
NDUFA10,2,Cluster_1
NDUFA11,3,Cluster_1
NDUFA12,2,Cluster_1
NDUFA13,5,Cluster_1
NDUFA2,1,Cluster_1
NDUFA3,4,Cluster_1
NDUFA4,3,Cluster_1
NDUFA5,2,Cluster_1
NDUFA8,1,Cluster_1
NDUFAB1,1,Cluster_1
NDUFAF8,1,Cluster_1
NDUFB1,3,Cluster_1
NDUFB10,1,Cluster_1
NDUFB11,1,Cluster_1
NDUFB2,5,Cluster_1
NDUFB4,2,Cluster_1
NDUFB5,1,Cluster_1
NDUFB6,4,Cluster_1
NDUFB7,1,Cluster_1
NDUFB8,2,Cluster_1
NDUFB9,1,Cluster_1
NDUFC2,5,Cluster_1
NDUFS1,1,Cluster_1
NDUFS2,2,Cluster_1
NDUFS3,3,Cluster_1
NDUFS5,4,Cluster_1
NDUFS6,1,Cluster_1
NDUFS7,1,Cluster_1
NDUFS8,4,Cluster_1
NDUFV1,2,Cluster_1
NDUFV2,1,Cluster_1
NECAB1,5,Cluster_1
NECAB2,5,Cluster_1
NEDD4L,2,Cluster_1
NEDD8,2,Cluster_1
NEFL,4,Cluster_1
NEFM,1,Cluster_1
NEGR1,2,Cluster_1
NELL2,1,Cluster_1
NENF,4,Cluster_1
NGEF,2,Cluster_1
NGRN,5,Cluster_1
NHP2,4,Cluster_1
NISCH,1,Cluster_1
NME2,3,Cluster_1
NME3,1,Cluster_1
NNAT,2,Cluster_1
NOMO1,1,Cluster_1
NORAD,4,Cluster_1
NPDC1,4,Cluster_1
NPM1,1,Cluster_1
NPTN,4,Cluster_1
NPTX1,4,Cluster_1
NPY,5,Cluster_1
NRCAM,1,Cluster_1
NRGN,2,Cluster_1
NRSN2,1,Cluster_1
NRXN2,1,Cluster_1
NRXN3,1,Cluster_1
NSF,7,Cluster_1
NSG1,5,Cluster_1
NSG2,6,Cluster_1
NSMF,1,Cluster_1
NTRK2,4,Cluster_1
NTSR2,2,Cluster_1
NUCKS1,3,Cluster_1
NUDCD3,1,Cluster_1
NUDT21,1,Cluster_1
NUDT3,1,Cluster_1
OAT,2,Cluster_1
OAZ1,5,Cluster_1
OCIAD1,7,Cluster_1
OGA,9,Cluster_1
OPA1,1,Cluster_1
OSBPL8,2,Cluster_1
OST4,1,Cluster_1
OTUB1,2,Cluster_1
OXCT1,1,Cluster_1
P2RY1,3,Cluster_1
P4HTM,3,Cluster_1
PABPC1,4,Cluster_1
PACSIN1,2,Cluster_1
PAFAH1B1,5,Cluster_1
PALM,1,Cluster_1
PAM,9,Cluster_1
PARK7,3,Cluster_1
PBXIP1,1,Cluster_1
PCBP1,1,Cluster_1
PCBP2,3,Cluster_1
PCDH10,4,Cluster_1
PCDH17,2,Cluster_1
PCDH8,2,Cluster_1
PCLO,1,Cluster_1
PCMT1,7,Cluster_1
PCNP,1,Cluster_1
PCP4,2,Cluster_1
PCP4L1,4,Cluster_1
PCSK1N,2,Cluster_1
PCSK2,2,Cluster_1
PDE10A,2,Cluster_1
PDE1B,2,Cluster_1
PDE2A,2,Cluster_1
PDE4DIP,1,Cluster_1
PDE8B,1,Cluster_1
PDIA3,1,Cluster_1
PDK2,2,Cluster_1
PDP1,1,Cluster_1
PDPK1,1,Cluster_1
PDXK,1,Cluster_1
PDXP,1,Cluster_1
PDYN,4,Cluster_1
PDZD4,2,Cluster_1
PEA15,2,Cluster_1
PEBP1,2,Cluster_1
PEG10,2,Cluster_1
PEG3,3,Cluster_1
PENK,5,Cluster_1
PET100,1,Cluster_1
PFDN5,2,Cluster_1
PFKM,1,Cluster_1
PFN2,5,Cluster_1
PGAM1,5,Cluster_1
PGK1,7,Cluster_1
PGM2L1,2,Cluster_1
PGRMC1,2,Cluster_1
PHACTR1,5,Cluster_1
PHPT1,1,Cluster_1
PHYHIP,7,Cluster_1
PI4KA,5,Cluster_1
PIANP,7,Cluster_1
PIN1,1,Cluster_1
PINK1,4,Cluster_1
PIP4K2B,1,Cluster_1
PITHD1,1,Cluster_1
PJA1,2,Cluster_1
PJA2,6,Cluster_1
PKIA,4,Cluster_1
PKM,7,Cluster_1
PLCB1,2,Cluster_1
PLD3,6,Cluster_1
PLEKHB2,5,Cluster_1
PLK2,2,Cluster_1
PLPP3,1,Cluster_1
PLPPR1,1,Cluster_1
PLPPR2,2,Cluster_1
PLPPR4,4,Cluster_1
PMEPA1,4,Cluster_1
PNCK,4,Cluster_1
PNMA1,3,Cluster_1
PNMA2,4,Cluster_1
PNMA8A,3,Cluster_1
PNMA8B,1,Cluster_1
POLR2I,1,Cluster_1
POLR2L,1,Cluster_1
PPA1,2,Cluster_1
PPDPF,2,Cluster_1
PPIA,4,Cluster_1
PPM1K,1,Cluster_1
PPP1CB,6,Cluster_1
PPP1R15A,1,Cluster_1
PPP1R16B,2,Cluster_1
PPP1R1A,2,Cluster_1
PPP1R1B,2,Cluster_1
PPP1R7,4,Cluster_1
PPP1R9A,1,Cluster_1
PPP2CA,2,Cluster_1
PPP2CB,2,Cluster_1
PPP2R1A,6,Cluster_1
PPP2R2B,2,Cluster_1
PPP2R2C,2,Cluster_1
PPP3CA,2,Cluster_1
PPP3CB,4,Cluster_1
PPP3R1,2,Cluster_1
PPT1,1,Cluster_1
PRDX2,5,Cluster_1
PRDX3,1,Cluster_1
PRDX5,4,Cluster_1
PRDX6,1,Cluster_1
PREPL,8,Cluster_1
PRKACB,4,Cluster_1
PRKAR1A,6,Cluster_1
PRKAR1B,2,Cluster_1
PRKAR2B,1,Cluster_1
PRKCB,2,Cluster_1
PRKCG,7,Cluster_1
PRKCH,1,Cluster_1
PRKCZ,3,Cluster_1
PRNP,7,Cluster_1
PRRC2B,1,Cluster_1
PRRT1,1,Cluster_1
PRRT2,1,Cluster_1
PRXL2A,6,Cluster_1
PSAP,4,Cluster_1
PSD,7,Cluster_1
PSD3,7,Cluster_1
PSIP1,2,Cluster_1
PSMA7,1,Cluster_1
PSMB1,1,Cluster_1
PSMB4,1,Cluster_1
PSMB6,1,Cluster_1
PSMD8,1,Cluster_1
PTGES3,2,Cluster_1
PTK2B,2,Cluster_1
PTMS,5,Cluster_1
PTN,3,Cluster_1
PTOV1,2,Cluster_1
PTPN11,1,Cluster_1
PTPN5,4,Cluster_1
PTPRA,3,Cluster_1
PTPRN,6,Cluster_1
PTPRN2,7,Cluster_1
PTPRZ1,1,Cluster_1
PUM1,1,Cluster_1
RAB11A,1,Cluster_1
RAB1A,2,Cluster_1
RAB2A,6,Cluster_1
RAB3A,3,Cluster_1
RAB3C,5,Cluster_1
RAB40B,7,Cluster_1
RAB6A,5,Cluster_1
RAB6B,1,Cluster_1
RABAC1,2,Cluster_1
RABL6,1,Cluster_1
RAC1,5,Cluster_1
RACK1,1,Cluster_1
RAMP1,1,Cluster_1
RAN,5,Cluster_1
RANGAP1,2,Cluster_1
RAP1GAP,7,Cluster_1
RASD2,2,Cluster_1
RBBP7,1,Cluster_1
RBFOX1,5,Cluster_1
RBM39,1,Cluster_1
RCN1,5,Cluster_1
RCN2,5,Cluster_1
REEP2,2,Cluster_1
REEP5,7,Cluster_1
RETREG2,4,Cluster_1
REX1BD,1,Cluster_1
RGS14,1,Cluster_1
RGS2,1,Cluster_1
RGS4,1,Cluster_1
RHBDD2,5,Cluster_1
RHEB,2,Cluster_1
RHOB,1,Cluster_1
RNASEK,4,Cluster_1
RNF11,4,Cluster_1
RNF187,4,Cluster_1
RNPS1,1,Cluster_1
RPRML,1,Cluster_1
RRAGA,2,Cluster_1
RTL8C,6,Cluster_1
RTN1,2,Cluster_1
RTN3,4,Cluster_1
RTN4,3,Cluster_1
RUFY3,3,Cluster_1
RUNDC3A,4,Cluster_1
RYR2,1,Cluster_1
SAP18,1,Cluster_1
SARAF,4,Cluster_1
SCAMP1,2,Cluster_1
SCAMP5,6,Cluster_1
SCG2,3,Cluster_1
SCG3,1,Cluster_1
SCG5,8,Cluster_1
SCN2A,5,Cluster_1
SCN2B,2,Cluster_1
SCN3B,2,Cluster_1
SCN4B,2,Cluster_1
SCOC,3,Cluster_1
SCRN1,2,Cluster_1
SDC2,1,Cluster_1
SDC3,2,Cluster_1
SDCBP,5,Cluster_1
SDHC,1,Cluster_1
SEC11C,2,Cluster_1
SEC62,2,Cluster_1
SELENOH,3,Cluster_1
SELENOK,1,Cluster_1
SELENOM,3,Cluster_1
SELENOT,1,Cluster_1
SELENOW,2,Cluster_1
SEM1,1,Cluster_1
SEMA3E,1,Cluster_1
SEPTIN3,3,Cluster_1
SERF2,1,Cluster_1
SERINC1,7,Cluster_1
SERINC3,2,Cluster_1
SERPINE2,1,Cluster_1
SERPINI1,8,Cluster_1
SESN3,8,Cluster_1
SET,2,Cluster_1
SEZ6,6,Cluster_1
SEZ6L2,7,Cluster_1
SF1,1,Cluster_1
SFPQ,2,Cluster_1
SGIP1,2,Cluster_1
SH2D5,1,Cluster_1
SIK3,2,Cluster_1
SIPA1L1,4,Cluster_1
SIRPA,5,Cluster_1
SKP1,5,Cluster_1
SLC12A5,6,Cluster_1
SLC1A2,3,Cluster_1
SLC1A3,3,Cluster_1
SLC1A4,1,Cluster_1
SLC22A17,4,Cluster_1
SLC24A2,2,Cluster_1
SLC25A23,4,Cluster_1
SLC25A3,7,Cluster_1
SLC25A4,5,Cluster_1
SLC25A6,2,Cluster_1
SLC2A13,1,Cluster_1
SLC2A3,1,Cluster_1
SLC32A1,8,Cluster_1
SLC39A10,1,Cluster_1
SLC4A10,2,Cluster_1
SLC4A3,1,Cluster_1
SLC4A4,2,Cluster_1
SLC6A1,6,Cluster_1
SLC8A1,1,Cluster_1
SLC9A6,4,Cluster_1
SLC9A7,5,Cluster_1
SLIRP,1,Cluster_1
SLIT1,1,Cluster_1
SLK,2,Cluster_1
SMARCA2,3,Cluster_1
SMARCD3,1,Cluster_1
SNAP25,4,Cluster_1
SNAP91,2,Cluster_1
SNCA,3,Cluster_1
SNHG14,7,Cluster_1
SNHG29,2,Cluster_1
SNHG8,1,Cluster_1
SNN,1,Cluster_1
SNRPD2,1,Cluster_1
SNRPN,4,Cluster_1
SNU13,3,Cluster_1
SNX3,2,Cluster_1
SOD1,3,Cluster_1
SOD2,5,Cluster_1
SON,1,Cluster_1
SORBS2,1,Cluster_1
SORL1,1,Cluster_1
SORT1,1,Cluster_1
SOWAHA,7,Cluster_1
SPARC,4,Cluster_1
SPARCL1,4,Cluster_1
SPCS1,2,Cluster_1
SPIN1,2,Cluster_1
SPINT2,1,Cluster_1
SPOCK2,7,Cluster_1
SPOCK3,3,Cluster_1
SPRYD3,5,Cluster_1
SPTAN1,7,Cluster_1
SPTBN1,3,Cluster_1
SREBF2,2,Cluster_1
SRI,1,Cluster_1
SRM,1,Cluster_1
SRP14,4,Cluster_1
SRRM2,1,Cluster_1
SRSF2,1,Cluster_1
SRSF5,3,Cluster_1
SSB,1,Cluster_1
SSBP3,1,Cluster_1
SSBP4,3,Cluster_1
SSR4,1,Cluster_1
SST,5,Cluster_1
SSX2IP,2,Cluster_1
ST8SIA3,3,Cluster_1
STK25,1,Cluster_1
STMN1,1,Cluster_1
STMN2,5,Cluster_1
STMN3,7,Cluster_1
STRAP,1,Cluster_1
STRIP2,2,Cluster_1
STX1B,1,Cluster_1
STXBP1,6,Cluster_1
SUB1,8,Cluster_1
SUGP2,1,Cluster_1
SULT4A1,1,Cluster_1
SUMO2,3,Cluster_1
SUMO3,2,Cluster_1
SV2A,8,Cluster_1
SV2C,1,Cluster_1
SYN1,3,Cluster_1
SYN2,4,Cluster_1
SYNDIG1L,2,Cluster_1
SYNE1,3,Cluster_1
SYNGR1,2,Cluster_1
SYNGR3,1,Cluster_1
SYNJ1,1,Cluster_1
SYNPO,1,Cluster_1
SYNPR,4,Cluster_1
SYP,5,Cluster_1
SYT1,4,Cluster_1
SYT11,8,Cluster_1
SYT4,6,Cluster_1
SYT5,3,Cluster_1
TAC1,5,Cluster_1
TAGLN3,4,Cluster_1
TAPBP,1,Cluster_1
TBCA,1,Cluster_1
TCAF1,6,Cluster_1
TCEAL2,3,Cluster_1
TCF25,1,Cluster_1
TCP1,1,Cluster_1
TECR,2,Cluster_1
TERF2IP,4,Cluster_1
THRA,2,Cluster_1
THY1,6,Cluster_1
TIMP2,3,Cluster_1
TLE4,3,Cluster_1
TLE5,4,Cluster_1
TM9SF2,4,Cluster_1
TMA7,3,Cluster_1
TMBIM6,4,Cluster_1
TMEFF1,1,Cluster_1
TMEM130,3,Cluster_1
TMEM14A,2,Cluster_1
TMEM158,5,Cluster_1
TMEM248,1,Cluster_1
TMEM30A,7,Cluster_1
TMEM35A,1,Cluster_1
TMEM47,3,Cluster_1
TMEM59,2,Cluster_1
TMEM59L,3,Cluster_1
TMEM9,2,Cluster_1
TMEM91,1,Cluster_1
TMOD2,1,Cluster_1
TMSB10,4,Cluster_1
TMSB4X,2,Cluster_1
TMX4,2,Cluster_1
TOMM20,7,Cluster_1
TOMM34,2,Cluster_1
TOMM6,1,Cluster_1
TOMM7,4,Cluster_1
TOMM70,4,Cluster_1
TPD52L1,5,Cluster_1
TPI1,7,Cluster_1
TPM3,4,Cluster_1
TPRG1L,3,Cluster_1
TPT1,2,Cluster_1
TRAC,2,Cluster_1
TRAPPC5,3,Cluster_1
TSC22D1,7,Cluster_1
TSC22D4,1,Cluster_1
TSPAN3,5,Cluster_1
TSPAN7,6,Cluster_1
TSPYL1,8,Cluster_1
TSPYL2,4,Cluster_1
TSPYL4,4,Cluster_1
TTC3,5,Cluster_1
TTYH1,2,Cluster_1
TUBA1A,5,Cluster_1
TUBA1B,4,Cluster_1
TUBB,1,Cluster_1
TUBB2A,3,Cluster_1
TUBB2B,1,Cluster_1
TUBB3,1,Cluster_1
TUBB4A,3,Cluster_1
TUBB4B,1,Cluster_1
TUFM,1,Cluster_1
TUSC3,5,Cluster_1
TXN,2,Cluster_1
UBA1,1,Cluster_1
UBA52,2,Cluster_1
UBB,3,Cluster_1
UBC,2,Cluster_1
UBE2B,2,Cluster_1
UBE2D2,1,Cluster_1
UBL3,3,Cluster_1
UBL5,3,Cluster_1
UBQLN1,1,Cluster_1
UBQLN2,2,Cluster_1
UBXN6,2,Cluster_1
UCHL1,3,Cluster_1
UGP2,1,Cluster_1
ULK1,4,Cluster_1
UNC13A,2,Cluster_1
UQCR10,4,Cluster_1
UQCR11,4,Cluster_1
UQCRB,3,Cluster_1
UQCRC1,2,Cluster_1
UQCRC2,3,Cluster_1
UQCRH,2,Cluster_1
UQCRQ,2,Cluster_1
USP11,2,Cluster_1
USP22,3,Cluster_1
UTRN,2,Cluster_1
VAMP2,6,Cluster_1
VAT1L,7,Cluster_1
VDAC1,5,Cluster_1
VDAC2,1,Cluster_1
VDAC3,2,Cluster_1
VGF,3,Cluster_1
VPS28,1,Cluster_1
VPS35,3,Cluster_1
VSNL1,2,Cluster_1
VSTM2A,2,Cluster_1
WASF1,9,Cluster_1
WBP2,4,Cluster_1
WDR83OS,1,Cluster_1
WFS1,3,Cluster_1
WSB1,1,Cluster_1
XIST,2,Cluster_1
YJEFN3,4,Cluster_1
YWHAB,5,Cluster_1
YWHAE,2,Cluster_1
YWHAG,7,Cluster_1
YWHAH,2,Cluster_1
YWHAQ,1,Cluster_1
YWHAZ,7,Cluster_1
ZCCHC12,1,Cluster_1
ZFAND5,7,Cluster_1
ZFR,1,Cluster_1
ZMAT2,1,Cluster_1
ZNF483,7,Cluster_1
ZNF706,1,Cluster_1
ZSCAN18,1,Cluster_1
AATK,2,Cluster_2
ABCA2,5,Cluster_2
AIF1L,1,Cluster_2
AMER2,4,Cluster_2
ANKRD40,1,Cluster_2
APBB1,1,Cluster_2
APLP1,2,Cluster_2
APOD,10,Cluster_2
AQP1,1,Cluster_2
ARHGAP21,1,Cluster_2
ATP5ME,1,Cluster_2
BCAS1,10,Cluster_2
BIN1,1,Cluster_2
C4orf48,1,Cluster_2
CA2,4,Cluster_2
CAPN3,2,Cluster_2
CARNS1,3,Cluster_2
CBR1,2,Cluster_2
CD9,6,Cluster_2
CLDN11,7,Cluster_2
CLDND1,10,Cluster_2
CNDP1,6,Cluster_2
CNP,10,Cluster_2
CNTN2,6,Cluster_2
CRYAB,10,Cluster_2
CSRP1,6,Cluster_2
DAAM2,1,Cluster_2
DBI,1,Cluster_2
DBNDD2,10,Cluster_2
DNER,2,Cluster_2
DPYSL2,2,Cluster_2
DST,1,Cluster_2
EDIL3,5,Cluster_2
EEF1A1,1,Cluster_2
EFHD1,2,Cluster_2
ENPP2,6,Cluster_2
ERMN,7,Cluster_2
EVI2A,2,Cluster_2
FAU,1,Cluster_2
FEZ1,5,Cluster_2
FGF1,1,Cluster_2
FMNL2,1,Cluster_2
FTH1,7,Cluster_2
FTL,2,Cluster_2
GABARAP,1,Cluster_2
GFAP,8,Cluster_2
GNAS,1,Cluster_2
GPM6B,4,Cluster_2
GPR37,3,Cluster_2
GPRC5B,8,Cluster_2
GSN,4,Cluster_2
H3F3B,1,Cluster_2
HBB,1,Cluster_2
HEPACAM,1,Cluster_2
HIPK2,6,Cluster_2
HNRNPA1,1,Cluster_2
HSPA2,5,Cluster_2
JUND,1,Cluster_2
LAMP1,1,Cluster_2
LAMP2,6,Cluster_2
LHPP,1,Cluster_2
LINC00632,1,Cluster_2
LINC00844,8,Cluster_2
LPAR1,3,Cluster_2
MAG,9,Cluster_2
MAL,5,Cluster_2
MAP4K4,2,Cluster_2
MARCKSL1,4,Cluster_2
MBP,10,Cluster_2
MID1IP1,1,Cluster_2
MOBP,10,Cluster_2
MTRNR2L1,1,Cluster_2
MTRNR2L12,2,Cluster_2
MTRNR2L8,2,Cluster_2
MTURN,9,Cluster_2
MYRF,5,Cluster_2
NDRG1,3,Cluster_2
NDRG2,1,Cluster_2
OLIG1,4,Cluster_2
OPALIN,9,Cluster_2
PAQR6,5,Cluster_2
PCDH9,1,Cluster_2
PIP4K2A,5,Cluster_2
PKP4,1,Cluster_2
PLAAT3,2,Cluster_2
PLEKHB1,7,Cluster_2
PLEKHH1,2,Cluster_2
PLLP,5,Cluster_2
PLP1,10,Cluster_2
PMP22,4,Cluster_2
PPP1R14A,10,Cluster_2
PTGDS,7,Cluster_2
PTMA,7,Cluster_2
PTP4A2,2,Cluster_2
QDPR,10,Cluster_2
QKI,8,Cluster_2
RGCC,2,Cluster_2
RHOB,1,Cluster_2
RNASE1,10,Cluster_2
S100B,4,Cluster_2
SCD,10,Cluster_2
SELENOP,8,Cluster_2
SELENOW,1,Cluster_2
SEMA4D,1,Cluster_2
SEPTIN4,9,Cluster_2
SEPTIN7,3,Cluster_2
SEPTIN8,2,Cluster_2
SHTN1,4,Cluster_2
SIRT2,2,Cluster_2
SLAIN1,3,Cluster_2
SLC12A2,2,Cluster_2
SLC24A2,1,Cluster_2
SLC44A1,4,Cluster_2
SORT1,2,Cluster_2
SOX2.OT,7,Cluster_2
SPARC,1,Cluster_2
SPOCK1,1,Cluster_2
SPP1,7,Cluster_2
STMN1,3,Cluster_2
SUN2,5,Cluster_2
TF,10,Cluster_2
TMEM144,8,Cluster_2
TMSB4X,1,Cluster_2
TP53INP2,3,Cluster_2
TPPP,1,Cluster_2
TPT1,1,Cluster_2
TSC22D4,3,Cluster_2
TTYH2,2,Cluster_2
TUBA1A,1,Cluster_2
TUBB4A,1,Cluster_2
YWHAQ,1,Cluster_2
ZEB2,3,Cluster_2
ABAT,2,Cluster_3
ABI2,1,Cluster_3
ABR,1,Cluster_3
AC107398.3,2,Cluster_3
ACOT7,1,Cluster_3
ACTG1,3,Cluster_3
ACTN2,1,Cluster_3
ADAR,1,Cluster_3
ADGRB3,1,Cluster_3
ADGRL1,1,Cluster_3
AHCYL1,2,Cluster_3
AK5,1,Cluster_3
AKAP11,1,Cluster_3
AL627171.2,1,Cluster_3
ALDH2,1,Cluster_3
ALDOC,2,Cluster_3
AP2M1,2,Cluster_3
APBB1,1,Cluster_3
APLP2,1,Cluster_3
APOC1,3,Cluster_3
APOE,3,Cluster_3
APP,1,Cluster_3
AQP1,1,Cluster_3
AQP4,2,Cluster_3
ARF1,2,Cluster_3
ARF3,4,Cluster_3
ARHGAP36,2,Cluster_3
ARL3,1,Cluster_3
ARL6IP1,1,Cluster_3
ARNT2,1,Cluster_3
ARPP21,2,Cluster_3
ASPH,1,Cluster_3
ATL1,1,Cluster_3
ATOX1,1,Cluster_3
ATP1A1,1,Cluster_3
ATP1A2,2,Cluster_3
ATP1A3,7,Cluster_3
ATP1B1,5,Cluster_3
ATP1B2,1,Cluster_3
ATP2B4,6,Cluster_3
ATP5F1A,1,Cluster_3
ATP5F1E,3,Cluster_3
ATP5IF1,3,Cluster_3
ATP5MC3,1,Cluster_3
ATP5MD,3,Cluster_3
ATP5ME,3,Cluster_3
ATP5MF,2,Cluster_3
ATP5MG,3,Cluster_3
ATP5MPL,3,Cluster_3
ATP5PF,1,Cluster_3
ATP5PO,2,Cluster_3
ATP6AP1,1,Cluster_3
ATP6AP2,2,Cluster_3
ATP6V0B,1,Cluster_3
ATP6V0C,3,Cluster_3
ATP6V1A,3,Cluster_3
ATP6V1B2,2,Cluster_3
ATP6V1F,2,Cluster_3
ATP8A1,1,Cluster_3
ATXN10,1,Cluster_3
ATXN7L3B,1,Cluster_3
AUXG01000058.1,1,Cluster_3
B4GAT1,7,Cluster_3
BAIAP3,8,Cluster_3
BASP1,7,Cluster_3
BEX1,6,Cluster_3
BEX2,5,Cluster_3
BEX3,6,Cluster_3
BEX4,5,Cluster_3
BEX5,1,Cluster_3
BLCAP,8,Cluster_3
BMERB1,2,Cluster_3
BRI3,1,Cluster_3
BRWD1,1,Cluster_3
BSCL2,5,Cluster_3
BTG1,1,Cluster_3
C12orf57,2,Cluster_3
C1orf61,3,Cluster_3
C1QTNF4,3,Cluster_3
C4orf48,3,Cluster_3
C7orf50,1,Cluster_3
CACNA1E,1,Cluster_3
CACYBP,1,Cluster_3
CADM1,5,Cluster_3
CADM3,1,Cluster_3
CALM1,1,Cluster_3
CALY,8,Cluster_3
CAMK2D,1,Cluster_3
CAMK2N2,1,Cluster_3
CAMKV,4,Cluster_3
CANX,1,Cluster_3
CARHSP1,4,Cluster_3
CARTPT,4,Cluster_3
CBLN4,4,Cluster_3
CCK,6,Cluster_3
CD200,1,Cluster_3
CD24,4,Cluster_3
CD59,1,Cluster_3
CD74,1,Cluster_3
CDK17,1,Cluster_3
CDK5R1,1,Cluster_3
CELF2,2,Cluster_3
CELF4,2,Cluster_3
CELF5,3,Cluster_3
CFL1,1,Cluster_3
CHCHD10,1,Cluster_3
CHCHD2,2,Cluster_3
CHD3,1,Cluster_3
CHGA,2,Cluster_3
CHGB,3,Cluster_3
CHL1,5,Cluster_3
CIRBP,2,Cluster_3
CISD1,1,Cluster_3
CLSTN1,2,Cluster_3
CLTC,1,Cluster_3
CLU,2,Cluster_3
CNIH2,3,Cluster_3
CNTN1,2,Cluster_3
COMMD6,1,Cluster_3
COPS9,3,Cluster_3
CORT,3,Cluster_3
COX4I1,2,Cluster_3
COX5A,1,Cluster_3
COX5B,2,Cluster_3
COX6A1,2,Cluster_3
COX6B1,3,Cluster_3
COX6C,3,Cluster_3
COX7A2,3,Cluster_3
COX7B,1,Cluster_3
COX7C,3,Cluster_3
COX8A,2,Cluster_3
CPE,2,Cluster_3
CPLX2,1,Cluster_3
CPNE5,1,Cluster_3
CRABP1,1,Cluster_3
CREG2,4,Cluster_3
CRIP2,1,Cluster_3
CRMP1,1,Cluster_3
CRYM,3,Cluster_3
CSRNP3,1,Cluster_3
CST3,2,Cluster_3
CTSD,1,Cluster_3
CTXN1,1,Cluster_3
CXCL14,3,Cluster_3
CYB5R3,1,Cluster_3
DCLK1,3,Cluster_3
DDAH1,2,Cluster_3
DDX24,1,Cluster_3
DDX5,1,Cluster_3
DGKK,1,Cluster_3
DIRAS3,8,Cluster_3
DNAJA1,3,Cluster_3
DNAJB6,2,Cluster_3
DNAJC6,1,Cluster_3
DNM1,2,Cluster_3
DNM1L,1,Cluster_3
DPYSL2,2,Cluster_3
DTNA,1,Cluster_3
DYNC1H1,1,Cluster_3
DYNLL1,2,Cluster_3
DYNLL2,3,Cluster_3
DYNLRB1,3,Cluster_3
EDF1,1,Cluster_3
EEF1A1,3,Cluster_3
EEF1B2,3,Cluster_3
EEF1G,3,Cluster_3
EID1,4,Cluster_3
EIF1,2,Cluster_3
EIF1B,2,Cluster_3
EIF3H,1,Cluster_3
EIF4A2,3,Cluster_3
EIF4G2,1,Cluster_3
EIF4H,1,Cluster_3
ELMOD1,2,Cluster_3
ELOB,3,Cluster_3
ENHO,2,Cluster_3
ENO1,1,Cluster_3
EPB41L4B,1,Cluster_3
FAM107A,2,Cluster_3
FAM171B,1,Cluster_3
FAU,3,Cluster_3
FEZ1,1,Cluster_3
FGF12,1,Cluster_3
FGFR3,1,Cluster_3
FHL1,4,Cluster_3
FRRS1L,1,Cluster_3
FTH1,1,Cluster_3
FTL,2,Cluster_3
FXYD1,1,Cluster_3
FXYD6,2,Cluster_3
G3BP2,3,Cluster_3
GABARAP,3,Cluster_3
GABARAPL1,1,Cluster_3
GABARAPL2,2,Cluster_3
GABBR1,3,Cluster_3
GABRA5,7,Cluster_3
GABRB3,1,Cluster_3
GABRG2,3,Cluster_3
GAD1,2,Cluster_3
GAD2,1,Cluster_3
GAP43,6,Cluster_3
GAPDH,2,Cluster_3
GDA,8,Cluster_3
GFAP,1,Cluster_3
GHITM,1,Cluster_3
GJA1,2,Cluster_3
GLUD1,4,Cluster_3
GLUL,3,Cluster_3
GNAL,1,Cluster_3
GNAS,6,Cluster_3
GNG3,3,Cluster_3
GPM6A,1,Cluster_3
GPM6B,1,Cluster_3
GPRASP1,2,Cluster_3
GPX4,3,Cluster_3
GRIA1,1,Cluster_3
GRIA2,3,Cluster_3
GRIN1,1,Cluster_3
GSTM3,2,Cluster_3
GSTP1,1,Cluster_3
GUCY1B1,1,Cluster_3
H1FX,3,Cluster_3
H2AFZ,1,Cluster_3
H3F3A,3,Cluster_3
HACD3,1,Cluster_3
HIGD1A,1,Cluster_3
HINT1,3,Cluster_3
HLA.A,2,Cluster_3
HMGB1,1,Cluster_3
HNRNPA1,1,Cluster_3
HNRNPA2B1,1,Cluster_3
HNRNPC,1,Cluster_3
HNRNPK,2,Cluster_3
HPCAL1,1,Cluster_3
HPCAL4,7,Cluster_3
HSP90AA1,3,Cluster_3
HSP90AB1,4,Cluster_3
HSPA1B,1,Cluster_3
HSPA6,1,Cluster_3
HSPA8,5,Cluster_3
HSPH1,2,Cluster_3
HTR2C,1,Cluster_3
HTRA1,1,Cluster_3
HUWE1,1,Cluster_3
ICAM5,2,Cluster_3
IGFBP4,1,Cluster_3
INPP5F,1,Cluster_3
ISCU,2,Cluster_3
ITFG1,1,Cluster_3
ITM2B,3,Cluster_3
ITM2C,7,Cluster_3
KCTD12,2,Cluster_3
KCTD4,3,Cluster_3
KIDINS220,1,Cluster_3
KIFAP3,1,Cluster_3
KLC1,3,Cluster_3
LAMP5,5,Cluster_3
LONRF2,5,Cluster_3
LRPPRC,1,Cluster_3
LSAMP,1,Cluster_3
LY6H,7,Cluster_3
LYPD1,1,Cluster_3
MAGED1,7,Cluster_3
MAGED2,1,Cluster_3
MAGEH1,1,Cluster_3
MAGEL2,3,Cluster_3
MAN1A1,2,Cluster_3
MAN1A2,1,Cluster_3
MAOB,1,Cluster_3
MAP1B,1,Cluster_3
MAP1LC3A,1,Cluster_3
MAP2,6,Cluster_3
MAP2K1,1,Cluster_3
MAPK1,1,Cluster_3
MAPRE2,1,Cluster_3
MAPRE3,1,Cluster_3
MARCKS,7,Cluster_3
MBOAT7,1,Cluster_3
MDH1,3,Cluster_3
MEG3,3,Cluster_3
METRN,2,Cluster_3
MIF,4,Cluster_3
MLLT1,1,Cluster_3
MLLT11,2,Cluster_3
MMD,2,Cluster_3
MOAP1,1,Cluster_3
MORF4L1,5,Cluster_3
MORF4L2,4,Cluster_3
MRFAP1,2,Cluster_3
MRPL33,1,Cluster_3
MRTFB,1,Cluster_3
MT1E,4,Cluster_3
MT1G,4,Cluster_3
MT2A,3,Cluster_3
MT3,3,Cluster_3
MTCH1,3,Cluster_3
MYL6,2,Cluster_3
MYL6B,1,Cluster_3
MYO5A,1,Cluster_3
MZT2B,3,Cluster_3
NAA38,3,Cluster_3
NACA,3,Cluster_3
NAP1L3,4,Cluster_3
NAPB,8,Cluster_3
NCDN,2,Cluster_3
NCOA1,1,Cluster_3
NCS1,4,Cluster_3
NDFIP1,3,Cluster_3
NDN,8,Cluster_3
NDRG2,2,Cluster_3
NDRG4,1,Cluster_3
NDUFA1,2,Cluster_3
NDUFA11,3,Cluster_3
NDUFA13,2,Cluster_3
NDUFA3,2,Cluster_3
NDUFA4,2,Cluster_3
NDUFAB1,1,Cluster_3
NDUFB1,3,Cluster_3
NDUFB11,1,Cluster_3
NDUFB2,2,Cluster_3
NDUFB4,2,Cluster_3
NDUFB7,1,Cluster_3
NDUFC1,2,Cluster_3
NDUFS2,1,Cluster_3
NDUFS5,3,Cluster_3
NDUFS7,1,Cluster_3
NECAB1,4,Cluster_3
NECAP1,1,Cluster_3
NEGR1,1,Cluster_3
NELL1,2,Cluster_3
NISCH,1,Cluster_3
NME2,1,Cluster_3
NNAT,8,Cluster_3
NORAD,2,Cluster_3
NPAS4,1,Cluster_3
NPDC1,1,Cluster_3
NPY,3,Cluster_3
NRXN3,1,Cluster_3
NSF,1,Cluster_3
NSG1,5,Cluster_3
NSG2,2,Cluster_3
NTRK2,3,Cluster_3
NUCKS1,1,Cluster_3
NUDT11,2,Cluster_3
OAZ1,3,Cluster_3
OCIAD1,2,Cluster_3
OLFM1,1,Cluster_3
OST4,1,Cluster_3
P2RY1,2,Cluster_3
PABPC1,1,Cluster_3
PAFAH1B1,1,Cluster_3
PAK1,1,Cluster_3
PARK7,1,Cluster_3
PCLO,1,Cluster_3
PCNP,1,Cluster_3
PCSK1N,8,Cluster_3
PDE8B,1,Cluster_3
PDXK,1,Cluster_3
PDYN,6,Cluster_3
PEA15,7,Cluster_3
PEBP1,1,Cluster_3
PEG10,8,Cluster_3
PEG3,7,Cluster_3
PENK,2,Cluster_3
PET100,1,Cluster_3
PFDN5,3,Cluster_3
PFN2,3,Cluster_3
PGAM1,3,Cluster_3
PGK1,1,Cluster_3
PGM2L1,5,Cluster_3
PGRMC1,8,Cluster_3
PHPT1,1,Cluster_3
PIANP,1,Cluster_3
PITHD1,1,Cluster_3
PJA2,1,Cluster_3
PKIA,2,Cluster_3
PLD3,3,Cluster_3
PLEKHB1,1,Cluster_3
PLPPR2,1,Cluster_3
PLPPR4,1,Cluster_3
PMEPA1,2,Cluster_3
PNCK,2,Cluster_3
PNMA1,5,Cluster_3
PNMA2,6,Cluster_3
PNMA8A,3,Cluster_3
PNMA8C,2,Cluster_3
PODXL2,2,Cluster_3
PON2,1,Cluster_3
PPA1,1,Cluster_3
PPIA,1,Cluster_3
PPP1CB,2,Cluster_3
PRDX1,1,Cluster_3
PRDX2,4,Cluster_3
PRDX5,1,Cluster_3
PREPL,2,Cluster_3
PRKACB,6,Cluster_3
PRKAR1A,4,Cluster_3
PRKAR1B,7,Cluster_3
PRNP,2,Cluster_3
PSAP,1,Cluster_3
PSD,1,Cluster_3
PSD3,1,Cluster_3
PSIP1,1,Cluster_3
PTK2B,1,Cluster_3
PTMS,3,Cluster_3
PTN,3,Cluster_3
PTOV1,1,Cluster_3
PTPRN,3,Cluster_3
PTPRO,1,Cluster_3
PTPRZ1,1,Cluster_3
PYDC1,2,Cluster_3
RAB3C,4,Cluster_3
RAB6A,1,Cluster_3
RACK1,1,Cluster_3
RAMP1,5,Cluster_3
RAN,3,Cluster_3
RAP1GAP,1,Cluster_3
RAPGEF4,1,Cluster_3
RBP1,1,Cluster_3
RCN2,2,Cluster_3
REEP2,1,Cluster_3
REX1BD,1,Cluster_3
RFK,1,Cluster_3
RHBDD2,5,Cluster_3
RHOA,1,Cluster_3
RNASEK,4,Cluster_3
RNPS1,1,Cluster_3
RTL8C,2,Cluster_3
RTN1,8,Cluster_3
RTN3,4,Cluster_3
S100B,2,Cluster_3
SARAF,6,Cluster_3
SBDS,1,Cluster_3
SCD5,1,Cluster_3
SCG2,7,Cluster_3
SCG5,2,Cluster_3
SCN2A,1,Cluster_3
SCOC,2,Cluster_3
SDC2,2,Cluster_3
SDC3,4,Cluster_3
SEC11C,1,Cluster_3
SEC61G,3,Cluster_3
SELENOH,1,Cluster_3
SELENOW,2,Cluster_3
SEMA3E,3,Cluster_3
SEPTIN7,2,Cluster_3
SERF2,1,Cluster_3
SERINC1,1,Cluster_3
SERINC3,1,Cluster_3
SERPINI1,2,Cluster_3
SESN3,1,Cluster_3
SEZ6,2,Cluster_3
SEZ6L,2,Cluster_3
SEZ6L2,1,Cluster_3
SKP1,2,Cluster_3
SLC1A2,2,Cluster_3
SLC1A3,3,Cluster_3
SLC22A17,6,Cluster_3
SLC25A4,1,Cluster_3
SLC2A13,1,Cluster_3
SLC32A1,1,Cluster_3
SLC6A1,1,Cluster_3
SLC8A1,1,Cluster_3
SLC9A6,2,Cluster_3
SNAP91,1,Cluster_3
SNCB,1,Cluster_3
SNCG,1,Cluster_3
SNHG14,3,Cluster_3
SNHG29,1,Cluster_3
SNHG6,1,Cluster_3
SNHG8,2,Cluster_3
SNRPN,4,Cluster_3
SNU13,1,Cluster_3
SOD1,2,Cluster_3
SOD2,1,Cluster_3
SOWAHA,1,Cluster_3
SPARC,2,Cluster_3
SPARCL1,2,Cluster_3
SPIN1,1,Cluster_3
SPINT2,3,Cluster_3
SPOCK2,3,Cluster_3
SRI,3,Cluster_3
SRP14,2,Cluster_3
SRSF11,1,Cluster_3
SST,3,Cluster_3
SSTR2,1,Cluster_3
ST6GALNAC5,3,Cluster_3
STMN1,3,Cluster_3
STMN2,1,Cluster_3
STMN3,3,Cluster_3
STXBP1,4,Cluster_3
SUB1,2,Cluster_3
SUMO2,1,Cluster_3
SV2A,1,Cluster_3
SYBU,1,Cluster_3
SYN1,3,Cluster_3
SYN2,6,Cluster_3
SYNPR,5,Cluster_3
SYP,2,Cluster_3
SYT1,6,Cluster_3
SYT11,1,Cluster_3
SYT4,4,Cluster_3
TAC3,2,Cluster_3
TAGLN3,2,Cluster_3
TCEAL2,3,Cluster_3
TERF2IP,5,Cluster_3
THRA,8,Cluster_3
TIMP2,6,Cluster_3
TMA7,2,Cluster_3
TMEM130,7,Cluster_3
TMEM158,3,Cluster_3
TMEM35A,2,Cluster_3
TMEM47,1,Cluster_3
TMEM59L,7,Cluster_3
TMEM94,1,Cluster_3
TMSB10,3,Cluster_3
TMSB4X,3,Cluster_3
TMX4,1,Cluster_3
TOMM20,1,Cluster_3
TOMM7,3,Cluster_3
TPT1,2,Cluster_3
TSC22D1,1,Cluster_3
TSPAN3,1,Cluster_3
TSPAN7,3,Cluster_3
TSPYL1,2,Cluster_3
TSPYL2,5,Cluster_3
TSPYL4,1,Cluster_3
TTC9B,1,Cluster_3
TTYH1,2,Cluster_3
TUBA1A,1,Cluster_3
TUBA1B,3,Cluster_3
TUBB,5,Cluster_3
TUBB2A,7,Cluster_3
TUBB2B,3,Cluster_3
TUBB3,1,Cluster_3
TUBB4B,1,Cluster_3
TUSC3,3,Cluster_3
TXN,1,Cluster_3
TXNL4A,1,Cluster_3
UBA52,3,Cluster_3
UBB,3,Cluster_3
UBE2N,1,Cluster_3
UBL5,3,Cluster_3
UCHL1,7,Cluster_3
UHMK1,1,Cluster_3
UQCR10,2,Cluster_3
UQCR11,3,Cluster_3
UQCRB,3,Cluster_3
UQCRH,3,Cluster_3
UQCRQ,2,Cluster_3
USP11,7,Cluster_3
USP22,5,Cluster_3
VAMP2,4,Cluster_3
VAT1L,3,Cluster_3
VGF,7,Cluster_3
VSNL1,8,Cluster_3
VSTM2A,3,Cluster_3
WASF1,1,Cluster_3
WDR1,2,Cluster_3
WFS1,4,Cluster_3
YWHAB,5,Cluster_3
YWHAE,2,Cluster_3
YWHAG,2,Cluster_3
YWHAH,8,Cluster_3
YWHAQ,1,Cluster_3
YWHAZ,3,Cluster_3
ZCCHC12,4,Cluster_3
ZFAND5,1,Cluster_3
ZNF483,3,Cluster_3
ZSCAN18,2,Cluster_3
A2M,2,Cluster_4
AC009041.2,2,Cluster_4
ACTB,3,Cluster_4
ACTN1,2,Cluster_4
ACTN2,2,Cluster_4
ADAM23,1,Cluster_4
ADCY5,6,Cluster_4
ADGRB2,1,Cluster_4
ADORA2A,8,Cluster_4
AGT,2,Cluster_4
AHCYL1,1,Cluster_4
AK5,3,Cluster_4
AL020994.2,3,Cluster_4
AL627171.2,1,Cluster_4
ALDH2,1,Cluster_4
ALDOC,1,Cluster_4
AMPD2,1,Cluster_4
ANKS1B,1,Cluster_4
ANO3,8,Cluster_4
ANXA6,2,Cluster_4
AP1S1,2,Cluster_4
AP2A2,1,Cluster_4
AP2M1,1,Cluster_4
APLP1,3,Cluster_4
APOC1,1,Cluster_4
APOE,1,Cluster_4
AQP4,1,Cluster_4
ARL2,1,Cluster_4
ARNT2,1,Cluster_4
ARPC3,1,Cluster_4
ARPP19,8,Cluster_4
ARPP21,3,Cluster_4
ATP1A1,3,Cluster_4
ATP1A2,2,Cluster_4
ATP1B2,1,Cluster_4
ATP2A2,7,Cluster_4
ATP2B1,8,Cluster_4
ATP2B2,7,Cluster_4
ATP5F1A,1,Cluster_4
ATP5F1B,3,Cluster_4
ATP5F1C,1,Cluster_4
ATP5F1E,1,Cluster_4
ATP5IF1,1,Cluster_4
ATP5MC3,1,Cluster_4
ATP5MD,1,Cluster_4
ATP5ME,1,Cluster_4
ATP5MF,1,Cluster_4
ATP5MG,1,Cluster_4
ATP5MPL,1,Cluster_4
ATP5PB,1,Cluster_4
ATP5PD,1,Cluster_4
ATP5PO,1,Cluster_4
ATP6V0C,1,Cluster_4
ATP6V1E1,1,Cluster_4
ATP6V1H,1,Cluster_4
ATP9A,2,Cluster_4
B2M,2,Cluster_4
B3GLCT,1,Cluster_4
BAALC,2,Cluster_4
BAIAP2,2,Cluster_4
BCR,2,Cluster_4
BIN1,1,Cluster_4
BSG,2,Cluster_4
C12orf57,1,Cluster_4
C1orf61,1,Cluster_4
C1QTNF4,3,Cluster_4
C20orf27,5,Cluster_4
C4orf48,1,Cluster_4
C9orf16,1,Cluster_4
CA11,1,Cluster_4
CA12,8,Cluster_4
CADM2,1,Cluster_4
CADM3,2,Cluster_4
CALB1,7,Cluster_4
CALM1,1,Cluster_4
CALM2,3,Cluster_4
CALM3,4,Cluster_4
CAMK1D,2,Cluster_4
CAMK2B,5,Cluster_4
CAMK2N1,3,Cluster_4
CAMK4,4,Cluster_4
CAMKK1,1,Cluster_4
CAMKK2,8,Cluster_4
CAMKV,1,Cluster_4
CAP1,1,Cluster_4
CAP2,1,Cluster_4
CBR1,1,Cluster_4
CBX6,1,Cluster_4
CCDC85B,1,Cluster_4
CD63,1,Cluster_4
CD74,2,Cluster_4
CDHR1,1,Cluster_4
CDK5R2,1,Cluster_4
CDKL5,1,Cluster_4
CEND1,1,Cluster_4
CFL1,1,Cluster_4
CHCHD10,1,Cluster_4
CHN1,6,Cluster_4
CISD1,1,Cluster_4
CKB,8,Cluster_4
CLSTN3,1,Cluster_4
CLU,2,Cluster_4
CNR1,2,Cluster_4
COCH,8,Cluster_4
COL25A1,1,Cluster_4
COPS9,1,Cluster_4
CORO2B,2,Cluster_4
CORT,1,Cluster_4
COX4I1,1,Cluster_4
COX5B,1,Cluster_4
COX6A1,1,Cluster_4
COX6B1,1,Cluster_4
COX6C,1,Cluster_4
COX7A2,1,Cluster_4
COX7B,1,Cluster_4
COX7C,1,Cluster_4
COX8A,1,Cluster_4
CPLX1,5,Cluster_4
CPLX2,2,Cluster_4
CPNE5,4,Cluster_4
CRIP2,1,Cluster_4
CRYM,1,Cluster_4
CST3,2,Cluster_4
CTXN1,3,Cluster_4
CX3CL1,1,Cluster_4
CYC1,1,Cluster_4
CYCS,1,Cluster_4
CYFIP2,2,Cluster_4
CYP46A1,7,Cluster_4
DAZAP2,1,Cluster_4
DBI,1,Cluster_4
DCTN1,1,Cluster_4
DDN,2,Cluster_4
DGKB,8,Cluster_4
DGKH,3,Cluster_4
DGKK,1,Cluster_4
DHCR24,2,Cluster_4
DKK3,7,Cluster_4
DLG4,1,Cluster_4
DMTN,1,Cluster_4
DOCK4,4,Cluster_4
DPP6,3,Cluster_4
DPYSL2,2,Cluster_4
DRD2,1,Cluster_4
DYNC1I1,1,Cluster_4
DYNLL1,1,Cluster_4
DYNLL2,1,Cluster_4
EEF1A1,1,Cluster_4
EEF1A2,2,Cluster_4
EEF1B2,1,Cluster_4
EFEMP1,1,Cluster_4
EFR3B,1,Cluster_4
EGR3,1,Cluster_4
ELMOD1,1,Cluster_4
ENC1,6,Cluster_4
ENHO,1,Cluster_4
ENO1,3,Cluster_4
ENO2,3,Cluster_4
ENTPD6,1,Cluster_4
EPB41L1,1,Cluster_4
EPHB6,3,Cluster_4
ETNPPL,1,Cluster_4
FAIM2,2,Cluster_4
FAM107A,2,Cluster_4
FAM168B,1,Cluster_4
FAM171A1,1,Cluster_4
FAM171B,1,Cluster_4
FAM49B,1,Cluster_4
FAU,1,Cluster_4
FBXL16,7,Cluster_4
FBXO2,2,Cluster_4
FIS1,1,Cluster_4
FKBP1A,4,Cluster_4
FKBP8,1,Cluster_4
FOXG1,1,Cluster_4
FSCN1,1,Cluster_4
FTL,1,Cluster_4
FXYD1,1,Cluster_4
GABARAP,1,Cluster_4
GABARAPL1,2,Cluster_4
GABARAPL2,1,Cluster_4
GABRD,2,Cluster_4
GAD2,1,Cluster_4
GAPDH,1,Cluster_4
GAS7,2,Cluster_4
GDI1,2,Cluster_4
GIT1,1,Cluster_4
GJA1,1,Cluster_4
GLUD1,1,Cluster_4
GLUL,1,Cluster_4
GNAL,2,Cluster_4
GNB1,1,Cluster_4
GNB2,1,Cluster_4
GNG7,7,Cluster_4
GOT1,2,Cluster_4
GPI,2,Cluster_4
GPM6B,1,Cluster_4
GPR158,2,Cluster_4
GPR6,3,Cluster_4
GPR88,7,Cluster_4
GPX4,1,Cluster_4
GRASP,1,Cluster_4
GRIA3,1,Cluster_4
GRIN1,2,Cluster_4
GRINA,1,Cluster_4
GRM3,1,Cluster_4
GRM5,1,Cluster_4
GSN,1,Cluster_4
GSTO1,1,Cluster_4
GUK1,1,Cluster_4
H2AFZ,1,Cluster_4
H3F3A,1,Cluster_4
H3F3B,1,Cluster_4
HABP4,3,Cluster_4
HACD2,2,Cluster_4
HINT1,1,Cluster_4
HLA.B,1,Cluster_4
HLA.E,1,Cluster_4
HMGB1,1,Cluster_4
HPCA,8,Cluster_4
HSP90B1,1,Cluster_4
HSPA5,1,Cluster_4
HSPE1,1,Cluster_4
HSPH1,1,Cluster_4
HTR2C,2,Cluster_4
HTRA1,1,Cluster_4
IFI6,1,Cluster_4
IGFBP7,1,Cluster_4
INF2,6,Cluster_4
INPP5A,7,Cluster_4
INPP5F,2,Cluster_4
ITFG1,1,Cluster_4
ITGB1BP1,1,Cluster_4
ITPR1,5,Cluster_4
IVNS1ABP,3,Cluster_4
KCNAB1,8,Cluster_4
KCNAB2,1,Cluster_4
KCNF1,1,Cluster_4
KCNIP2,4,Cluster_4
KCTD17,4,Cluster_4
KIAA0513,1,Cluster_4
KIF5A,1,Cluster_4
LAMP5,1,Cluster_4
LANCL1,3,Cluster_4
LDHA,3,Cluster_4
LDHB,1,Cluster_4
LINC00632,4,Cluster_4
LMO3,3,Cluster_4
LPCAT4,1,Cluster_4
LPL,8,Cluster_4
LRPAP1,7,Cluster_4
LSM7,1,Cluster_4
LY6E,1,Cluster_4
LZTS3,1,Cluster_4
MAN1A2,1,Cluster_4
MAP1A,1,Cluster_4
MAPK1,1,Cluster_4
MAPK8IP2,1,Cluster_4
MAST3,4,Cluster_4
MCTP1,1,Cluster_4
MDH1,2,Cluster_4
METRN,1,Cluster_4
METTL7A,1,Cluster_4
MGST3,1,Cluster_4
MICOS10,1,Cluster_4
MME,1,Cluster_4
MT1E,1,Cluster_4
MT1G,1,Cluster_4
MT2A,1,Cluster_4
MT3,1,Cluster_4
MTPN,3,Cluster_4
MTRNR2L1,2,Cluster_4
MTRNR2L12,2,Cluster_4
MTRNR2L8,2,Cluster_4
MXRA7,8,Cluster_4
MZT2B,1,Cluster_4
NAA38,1,Cluster_4
NCDN,3,Cluster_4
NCKAP1,1,Cluster_4
NDRG2,1,Cluster_4
NDRG4,1,Cluster_4
NDUFA1,1,Cluster_4
NDUFA3,1,Cluster_4
NDUFA4,1,Cluster_4
NDUFAF8,1,Cluster_4
NDUFB1,1,Cluster_4
NDUFB2,1,Cluster_4
NDUFB4,1,Cluster_4
NDUFB8,1,Cluster_4
NDUFB9,1,Cluster_4
NDUFC1,1,Cluster_4
NDUFS3,1,Cluster_4
NDUFS5,1,Cluster_4
NDUFS8,2,Cluster_4
NDUFV1,1,Cluster_4
NECAB2,1,Cluster_4
NEFL,4,Cluster_4
NEFM,3,Cluster_4
NELL2,1,Cluster_4
NENF,1,Cluster_4
NGEF,8,Cluster_4
NPTN,6,Cluster_4
NPTX1,1,Cluster_4
NPY,1,Cluster_4
NQO1,1,Cluster_4
NR4A1,1,Cluster_4
NRGN,8,Cluster_4
NSF,2,Cluster_4
NSG2,2,Cluster_4
OAZ1,1,Cluster_4
OIP5.AS1,2,Cluster_4
OMG,1,Cluster_4
P2RY1,1,Cluster_4
PACSIN1,1,Cluster_4
PAM,1,Cluster_4
PARM1,1,Cluster_4
PCDH8,5,Cluster_4
PCDH9,2,Cluster_4
PCMT1,2,Cluster_4
PCP4,8,Cluster_4
PCP4L1,4,Cluster_4
PDE10A,8,Cluster_4
PDE1B,8,Cluster_4
PDP1,6,Cluster_4
PDZD2,2,Cluster_4
PDZD4,1,Cluster_4
PENK,3,Cluster_4
PET100,1,Cluster_4
PFDN5,1,Cluster_4
PHACTR1,5,Cluster_4
PHPT1,1,Cluster_4
PHYHIP,3,Cluster_4
PI4KA,2,Cluster_4
PIN1,1,Cluster_4
PKM,2,Cluster_4
PLCB1,3,Cluster_4
PLD3,1,Cluster_4
PLEKHB2,2,Cluster_4
PLK2,2,Cluster_4
PLPP3,1,Cluster_4
PMEPA1,2,Cluster_4
PMP2,1,Cluster_4
PPA1,1,Cluster_4
PPIA,1,Cluster_4
PPP1R1A,8,Cluster_4
PPP1R1B,8,Cluster_4
PPP1R7,2,Cluster_4
PPP2R1A,3,Cluster_4
PPP3CA,8,Cluster_4
PPP3CB,1,Cluster_4
PPP3R1,8,Cluster_4
PRDX1,1,Cluster_4
PRDX6,1,Cluster_4
PRKCB,8,Cluster_4
PRKCG,2,Cluster_4
PRRT2,2,Cluster_4
PRXL2A,2,Cluster_4
PSD,2,Cluster_4
PSD3,2,Cluster_4
PSMC3,2,Cluster_4
PTGDS,1,Cluster_4
PTMS,1,Cluster_4
PTP4A2,1,Cluster_4
PTPN5,6,Cluster_4
PTPRN,1,Cluster_4
RAB3A,2,Cluster_4
RAP1GAP,2,Cluster_4
RASD2,8,Cluster_4
RBFOX1,5,Cluster_4
RCN1,2,Cluster_4
REEP5,1,Cluster_4
RGS14,8,Cluster_4
RGS2,1,Cluster_4
RGS4,2,Cluster_4
RGS8,1,Cluster_4
RHOB,1,Cluster_4
RNASEK,1,Cluster_4
ROCK2,1,Cluster_4
RPH3A,3,Cluster_4
RTN4,5,Cluster_4
RYR2,1,Cluster_4
S100A1,1,Cluster_4
S100A13,1,Cluster_4
S100B,1,Cluster_4
SAT1,1,Cluster_4
SCD5,1,Cluster_4
SCN2A,1,Cluster_4
SCN4B,8,Cluster_4
SDCBP,4,Cluster_4
SELENOW,1,Cluster_4
SEPTIN7,1,Cluster_4
SEPTIN8,1,Cluster_4
SERF2,1,Cluster_4
SLC12A5,2,Cluster_4
SLC1A2,1,Cluster_4
SLC1A3,1,Cluster_4
SLC24A2,6,Cluster_4
SLC25A23,5,Cluster_4
SLC25A4,1,Cluster_4
SLC25A6,1,Cluster_4
SLC32A1,1,Cluster_4
SLC9A7,5,Cluster_4
SLIRP,1,Cluster_4
SNAP25,6,Cluster_4
SNCA,4,Cluster_4
SNHG25,1,Cluster_4
SNHG6,1,Cluster_4
SNHG8,1,Cluster_4
SNN,5,Cluster_4
SNRPN,1,Cluster_4
SOD1,1,Cluster_4
SORBS1,2,Cluster_4
SORBS2,1,Cluster_4
SORT1,2,Cluster_4
SOWAHA,1,Cluster_4
SPARC,1,Cluster_4
SPARCL1,1,Cluster_4
SPEF1,1,Cluster_4
SPOCK1,4,Cluster_4
SPOCK3,5,Cluster_4
SPP1,1,Cluster_4
SPRYD3,2,Cluster_4
SRP14,1,Cluster_4
SSBP4,1,Cluster_4
SST,1,Cluster_4
ST8SIA3,7,Cluster_4
STRIP2,7,Cluster_4
STX1B,1,Cluster_4
SV2C,2,Cluster_4
SYNDIG1L,8,Cluster_4
SYNPO,1,Cluster_4
SYNPR,1,Cluster_4
SYT2,4,Cluster_4
SYT5,1,Cluster_4
TAC1,5,Cluster_4
THY1,4,Cluster_4
TLE5,1,Cluster_4
TMA7,1,Cluster_4
TMEM158,2,Cluster_4
TMSB10,1,Cluster_4
TMSB4X,1,Cluster_4
TOMM34,1,Cluster_4
TOMM7,1,Cluster_4
TOMM70,5,Cluster_4
TPBG,7,Cluster_4
TPD52L1,2,Cluster_4
TPI1,1,Cluster_4
TPPP,1,Cluster_4
TPT1,2,Cluster_4
TRAC,1,Cluster_4
TRIM2,1,Cluster_4
TSC22D1,2,Cluster_4
TSC22D4,1,Cluster_4
TSPAN7,1,Cluster_4
TTYH1,1,Cluster_4
TUBA1B,1,Cluster_4
TUBB2B,1,Cluster_4
TUBB4A,4,Cluster_4
TUNAR,1,Cluster_4
UBA52,1,Cluster_4
UBL5,1,Cluster_4
UQCR10,1,Cluster_4
UQCR11,1,Cluster_4
UQCRB,1,Cluster_4
UQCRH,1,Cluster_4
UQCRQ,1,Cluster_4
UTRN,2,Cluster_4
VDAC1,1,Cluster_4
VIM,2,Cluster_4
WIF1,2,Cluster_4
WNK1,1,Cluster_4
YARS,1,Cluster_4
YJEFN3,4,Cluster_4
YWHAQ,1,Cluster_4
ZBTB7A,1,Cluster_4
ZMAT2,1,Cluster_4
