"","nmf1","nmf2","nmf3","nmf4","nmf5","nmf6","nmf7","nmf8","nmf9","nmf10","nmf11","nmf12","nmf13","nmf14","nmf15","nmf16","nmf17","nmf18","nmf19","nmf20","nmf21","nmf22","nmf23","nmf24","nmf25","nmf26","nmf27","nmf28","nmf29","nmf30","nmf31","nmf32","nmf33","nmf34","nmf35","nmf36","nmf37","nmf38","nmf39","nmf40","nmf41","nmf42","nmf43","nmf44","nmf45","nmf46","nmf47","nmf48","nmf49","nmf50","nmf51","nmf52","nmf53","nmf54","nmf55","nmf56","nmf57","nmf58","nmf59","nmf60","nmf61","nmf62","nmf63","nmf64","nmf65","nmf66","nmf67","nmf68","nmf69","nmf70","nmf71","nmf72","nmf73","nmf74","nmf75","nmf76","nmf77","nmf78","nmf79","nmf80","nmf81","nmf82","nmf83"
"1","ZNF407","AP003464.1","KAZN","RAP1GAP","RBFOX1","ZNF385B","AC013287.1","GPC5","CCNH","RBFOX1","PPP6R2","MGAT4C","GPC6","LRP1B","PCDH7","DSCAM","ARL17B","MT-CO1","AC109466.1","AC025159.1","GPC5","SLC1A2","PPP1R1B","FAM155A","NTRK2","NRXN3","CTNNA3","PCDH9","GAPDH","MALAT1","KCNIP4","IL1RAPL2","HSPH1","LUZP2","GPC5","CNTN5","SMYD3","PCDH9","NRXN3","PCDH9","LUC7L3","IMMP2L","ROBO1","RPS12","AC008571.2","PCDH11X","NRXN1","PRKN","CNP","LINGO2","PWRN1","PKP4","SLC1A2","PDE4D","XIST","ADGRL3","MALAT1","CNDP1","CNTNAP2","FRY","VPS13B","MALAT1","SOX6","MT-CO3","KCNIP4","ERBB4","ROBO2","RPS27","PLXDC2","ELOVL5","MALAT1","LRP1B","FHIT","NRXN3","MALAT1","GRID2","DPP10","MALAT1","HIF1A","WWOX","MALAT1","NAALADL2","MALAT1"
"2","NUTM2B-AS1","GRID2","MALAT1","GRIN1","PTPRM","OPCML","GPC5","LINC00534","KANSL1","ANKS1B","R3HDM2","PRKG1","PRKCB","MBD5","AL591501.1","LHFPL3","AL358944.1","PRNP","AC008415.1","UBA6-AS1","AC011246.1","GPC5","ARPP19","KCNIP4","TRPS1","NBEA","PDE5A","IL1RAPL1","PEBP1","FRMD4A","AC109466.1","NXPH1","HSPA1A","GALNTL6","SLC1A2","OPCML","NEGR1","LINC00609","SEMA6D","MALAT1","ANKRD36C","CNTNAP2","AC092691.1","RPL34","MALAT1","KCNIP4","SLC1A2","ADGRB3","CRYAB","NRG3","CNTNAP4","DSCAML1","PTGDS","FBXL17","JPX","KCTD8","DNAH9","SGMS1","CTNNA2","MDGA2","CSMD3","NRG3","NPY","MT-ND4","PTPRD","CNTNAP2","PTPRD","FTH1","DOCK4","FOS","NELL1","RALYL","MALAT1","MEIS2","SLC9A9","LRP1B","CTNNA2","ATP1A2","SRGN","FTO","FLT1","PIBF1","MBNL1"
"3","ARGLU1","AGBL1","PHACTR1","MALAT1","ANKS1B","GPC5","NTM","ZNF83","ZCCHC7","MALAT1","KANSL1","ADAMTS9-AS2","PDE4B","CTNNA2","ADGRL3","OPCML","KANSL1","SYT11","AL589740.1","TAPT1-AS1","CDH18","PCDH9","NNAT","RBFOX1","JARID2","GPHN","SNAP25-AS1","CTNNA3","CKB","PLXDC2","RBFOX1","DLGAP1","ELOVL5","FOXP2","NRXN1","PDE10A","RABGAP1L","CTNNA3","MALAT1","IL1RAPL1","LINC00342","EXOC4","IQCJ-SCHIP1","RPS27A","SPOCK1","ERBB4","GPC5","BTBD9","DBNDD2","LSAMP","DMD","SRCIN1","MALAT1","ZSWIM6","PLCG2","LRBA","CFAP54","IGF1R","TIAM1","LRP1B","TRPS1","CTNNA2","FAM155A","MT-CO2","NRG3","ADARB2","NRG3","RPL32","MALAT1","HSPA1A","FAM155A","OPCML","BCAS3","FAM155A","FRMD4B","PDE4B","STK39","LAMA2","MALAT1","GLG1","ABCB1","SPIDR","PTPRC"
"4","MSH3","PCDH11X","RBFOX1","NNAT","MALAT1","SLC24A2","PCDH9","CDH12","SSBP2","CELF2","RABGEF1","KCNIP4","NPAS2","EXOC6B","PCDH9","TNR","MALAT1","NORAD","PCSK2","IMMP2L","GRID2","MALAT1","NRGN","MACROD2","ESYT2","RORA","AL138828.1","MALAT1","TMSB4X","LRMDA","SORCS1","ERBB4","NPAS4","RBFOX1","SLC4A4","RBFOX1","PDE4B","SLC5A11","RBFOX1","PLP1","CCDC144A","AUTS2","LSAMP","RPS23","ZBTB16","UNC5D","CTNNA2","ARID1B","MARCKSL1","SNTG1","CNTNAP2","GRID1","ADGRV1","SSBP2","KDM6A","SEMA6D","C8orf34","STARD13","PRUNE2","DMD","NCOA2","CTNND2","PTPRD","MT-CYB","FAM155A","CNTN5","KIAA1217","RPS25","FRMD4A","HSPH1","CNTNAP2","FAM155A","DLG2","MALAT1","LRMDA","IMMP2L","RBFOX1","DLC1","DOCK4","ANKRD11","ATP10A","MYCBP2","ARHGAP15"
"5","SMCHD1","RIT2","PTPRN2","ACAP3","SYT1","AC109466.1","KCNIP4","AGBL1","MALAT1","SYT1","ZNF609","DPYD","IL1RAPL1","NRXN1","GRID2","PCDH15","DPH6-DT","CALM1","PTPRQ","DPH6-DT","COL25A1","NRXN1","TMEM158","OPCML","PSME4","ENOX1","AL390783.1","PPP2R2B","ACTB","DOCK4","ERBB4","GRIP1","DNAJA1","PHACTR1","KCND2","RYR3","RGS7","NKAIN2","LRP1B","CTNNA3","PNISR","DPP6","TNIK","UQCRB","ARL17B","NRG1","ADGRV1","ATXN1","SCD","NRXN3","SLC7A14-AS1","NEO1","NTM","FER","MALAT1","UNC5C","TMEM232","PEX5L","NCKAP5","ERBB4","ASAP1","NPAS3","NRXN3","MT-ATP6","IQCJ-SCHIP1","NRG3","CSMD1","RPL19","ARHGAP24","TFRC","SOX2-OT","MALAT1","SUMF1","GALNTL6","NEAT1","ADGRB3","MALAT1","RORA","CREM","CHD9","PTPRG","RSRC1","FYN"
"6","DYRK1A","DACH1","PDZD2","KIFC2","CELF2","GRM8","EYA1","AL136441.1","PHF21A","MEG3","ATXN2","GRIA4","NPAS3","LRRTM4","PCDH11X","LRRC4C","PDE5A","PEG3","AC013287.1","GDAP1","ZNF385D","LSAMP","HPCA","AC013287.1","FNDC3A","AKAP6","AC006115.2","TMTC2","ACTG1","ITPR2","LSAMP","MALAT1","ABCB1","ADARB2","RBMS3","ZNF385B","DNM3","MALAT1","PHACTR1","QKI","NKTR","TMEM178B","TBC1D5","RPL21","PCDH9","RBFOX1","MALAT1","NKAIN2","PLP1","MALAT1","AC008571.2","CDK18","GPC5","CTNND2","FTX","GALNTL6","AGBL4","GNG7","PSD3","CNTN1","SPIDR","LINC00609","CSMD1","MT-CO1","OPCML","IL1RAPL1","FRMPD4","RPS15","LRMDA","HSP90AA1","TRPM3","INPP4B","ZCCHC7","IL1RAPL1","RBM47","NPAS3","PCDH7","RBMS3","ELL2","BTBD9","MECOM","TBC1D5","PARP8"
"7","BRWD1","HS3ST5","GALNT17","MEG3","KCNIP4","ROBO2","PCDH11X","RGS6","FER","KCNIP4","FAM222B","ROBO1","PTPRT","NBAS","LRBA","PCDH9","CRLF3","MT-CO2","ADAMTS3","HULC","GPC6","NRG3","THY1","PLCB1","HOMER1","SNHG14","SLC8A1-AS1","ANK3","PCSK1N","SYNDIG1","SEZ6L","GRIA4","PCP4","PLCB1","OBI1-AS1","GALNTL6","RYR2","IL1RAPL1","NRG1","SLC44A1","BPTF","JAZF1","CADM2","RPL37A","KANSL1","GALNTL6","PCDH9","SYNE1","APLP1","DSCAM","LINC00320","FRMD4B","SLC1A3","PPP2R2B","ADGRB3","SPOCK3","DCDC1","NLGN1","CADM2","LINC01170","RALYL","TNC","SST","MT-ND2","RBFOX1","DAB1","NRXN1","RPL10","SORL1","NR4A3","NLGN1","DSCAM","BPTF","CACNA1C","ARHGAP24","ROBO1","KAZN","PRKG1","IPCEF1","MALAT1","ST6GALNAC3","AGO3","ANKRD44"
"8","WDR7","AC109466.1","CALN1","GP1BB","MEG3","AP003464.1","HTR2C","PCDH9","AKT3","ANK3","NSD1","LRRC4C","GABRG3","UBR3","NDST3","CSMD1","LRRC37A2","ATP1B1","ZNF385D","LINC00882","LRMDA","ADGRV1","MT-ATP6","PRKG1","HIVEP2","SIPA1L1","AC069228.1","SLC24A2","NDUFA4","SFMBT2","SLC35F3","RBFOX1","SLC2A3","KCNIP4","NKAIN3","PHACTR1","AKT3","ST18","CNTN5","MBP","MALAT1","DGKB","FOXP1","RPS24","PDE1A","DMD","AL589740.1","PHACTR1","FTH1","RBFOX1","LRRC7","PPP1R16B","LSAMP","TENM2","DPYSL2","TENM3","NPAS3","PICALM","FNIP2","KCTD8","NSMCE2","GFAP","NRG3","MT-ND3","CSMD1","GRIK2","NKAIN2","RPLP2","SFMBT2","NR4A1","GRM7","ERC2","NF1","PBX1","ATG7","HSP90AA1","PPFIA2","COLEC12","MEF2C","CDKAL1","EPAS1","ZNF518A","PRKCH"
"9","GLS","MPDZ","DNMT3A","PKD1","CACNB2","PLCB1","AC109466.1","TMEM132D","GNAQ","LRRC4C","PHACTR4","CSMD3","CHSY3","SLC8A1","PTCHD4","NRXN1","NNAT","TSPYL1","DACH1","TRMT11","PTPRQ","GPM6A","PHYHIP","CELF2","SHC3","MDGA2","RAB11A","QKI","HSP90AA1","ST6GAL1","NRXN3","LSAMP","PTGES3","SEMA6D","PCDH9","PLCB1","COP1","MBP","ZNF804A","CADM2","AKAP9","BBS9","MBNL1","RPL26","IL1RAPL1","FOXP2","NPAS3","ASCC3","PTMA","PCDH9","ADGRB3","AGPAT4","GPM6A","AC109466.1","RBMX","MAPK10","CFAP43","QDPR","CAPN3","FIGN","EXT1","PCDH9","IQCJ-SCHIP1","MT-ND1","PCDH9","FGF14","LRP1B","RPL28","DLEU1","JUNB","RBFOX1","MDGA2","SBF2","AUTS2","STARD13","PRKN","ADGRB3","EBF1","OLR1","CREBBP","ABCG2","DPH6","PITPNC1"
"10","C2CD5","AC008415.1","DPP6","AC009041.2","CSMD1","PRKCB","SEMA3A","PCDH11X","NCOA1","PLEKHA5","TFCP2","GRIK2","NRG1","NCOA1","UNC5C","PTPRZ1","ANKRD30BL","PEG10","GRID2","AC006148.1","AC013287.1","ERBB4","CALM3","NRXN1","ZC3H12C","FGF14","AC009041.2","MBP","SRP14","MEF2C","MALAT1","ROBO2","PELI1","FAM155A","GPM6A","ZNF804B","FAF1","RNF220","MEG3","NCAM2","SON","BRAF","ROBO2","RPL37","MAN2A1","OPCML","NTM","SUPT3H","MAG","ROBO2","KIRREL3","LIMCH1","OBI1-AS1","FAM172A","ZFX","KCNIP4","DNAH7","ADGRL3","PDZD2","FUT9","STAU2","GLIS3","SOX2-OT","MT-ND5","MALAT1","DLGAP1","PCDH9","NACA","OXR1","HSPB1","KCNIP4","SGCZ","FTX","DSCAM","SLC1A3","GMDS-DT","NFAT5","EPS8","GNA13","TNRC6A","COBLL1","DYM","SKAP1"
"11","ETNK1","SLC24A2","MMD2","GOLGA8A","LRRC4C","PDE10A","ROBO2","SH3RF2","PIAS1","CACNB2","FBXL20","PDE4D","KCNN3","PKP4","KIRREL3","KCNIP4","AC093523.1","TOMM20","PDE7B","AC053527.2","RYR3","NPAS3","CTXN1","NTM","ARFGEF3","MALAT1","SCN1A-AS1","MAGI2","CALY","AC008691.1","CADPS","SYT1","UBC","NRXN3","ERBB4","NRG1","DPYD","QKI","AC109466.1","SLC24A2","ATRX","MAGI2","NLGN1","EEF1A1","FTH1","RIMS2","SLC1A3","ZFAND3","TUBA1A","FRMD4A","KCNMB4","TMEM63A","PITPNC1","CDH12","PUDP","ANKRD17","SPAG17","LDLRAD3","DLG1","TNIK","PSD3","DCLK1","PDE1A","MT-ND4L","SYT1","NRXN3","FAM155A","RPL41","MEF2A","JUN","SYT1","NRXN3","ANKRD12","TRPM3","PLXDC2","AKT3","MED12L","SLC6A1","NR4A3","ACYP2","PTPRB","EXOC4","FOXP1"
"12","USP47","DCC","KCNQ3","DPP7","SGCZ","DCC","CDH12","SORCS1","GPATCH8","CSMD1","RBM6","RBFOX1","CSMD2","AC073050.1","MARCH1","NLGN1","FSIP2","YWHAB","SLC4A4","TMEM161B-AS1","PLCB1","PLCB1","NCDN","GRIK2","UBASH3B","USP25","CRLF3","LINC01608","UBB","APBB1IP","FGF14","DLG2","NR4A1","ALK","NRG3","FOXP2","RPS6KC1","MAGI2","NCAM2","PPP2R2B","TTC3","PPP1R9A","LINC00882","RPL22","NCAM2","PRKG1","LSAMP","AL589740.1","SELENOP","PDE1C","LRP1B","RNF220","NRXN1","TRIO","IMMP2L","INPP4B","DNAH6","GNAO1","SIPA1L1","NLGN1","SAMD12","LSAMP","OPCML","HSP90AA1","ROBO2","MALAT1","MDGA2","FTL","DSCAM","HSPA1B","NRXN3","SNTG1","GPATCH8","PPM1E","HDAC9","NAV3","NRXN1","PARD3","PADI2","ZCCHC7","NEAT1","PAN3","UTRN"
"13","RELCH","AL022068.1","KCNIP4","CIRBP","DRD2","RYR3","UTRN","FGF13","NF1","NRG3","SREBF2","RALYL","KCNQ3","FMNL2","OPCML","LRRTM4","GNG7","YWHAG","ZBTB20","TMEM232","NPAS3","OBI1-AS1","GPR88","ERBB4","ATP1B3","UNC79","AC117461.1","PDE4B","UBC","NAV3","LUZP2","NRXN3","BTG3-AS1","ERBB4","TRPM3","MALAT1","KAZN","CNTNAP4","PTPRD","PDE4B","ANKRD36","DGKI","UBE2E2","RPL24","SGK1","DLG2","PITPNC1","DST","ACTB","ROBO1","AC090015.1","SILC1","COL5A3","RAPGEF6","VPS13C","GABRB1","ARMC3","SPRED1","ADD1","SH3GL3","UBR5","NTM","PTPRT","HSP90AB1","DMD","NRXN1","SYT1","RPL6","SYNDIG1","ZNF331","KCNT2","SYT1","KANSL1","NKAIN2","SFMBT2","MIR99AHG","AHI1","LHFPL6","MB21D2","LONP2","THSD4","TNIK","PIP4K2A"
"14","FAR1","AC092691.1","RYR2","TMEM59L","ANK3","AC008415.1","CCSER1","PCDH7","ANKRD17","ERC1","CUX1","NRXN3","MAML3","DTNB","MAPK10","KCNMB2","AC107223.1","MT-CO3","GPR149","RFX3-AS1","PTPRD","LRMDA","NORAD","ATRNL1","PHACTR1","MYCBP2","AP001825.1","EDIL3","GPX4","DLEU1","FOXP2","CSMD1","PENK","NRXN1","NPAS3","ERBB4","LRRC7","FMNL2","DACH1","DLG2","RNPC3","CACNA2D1","TMCC1","RPLP1","PHACTR3","FGF14","RORA","FARS2","TUBB4A","KCTD16","FIGN","SEMA4D","DTNA","APC","RPS27","PPP3CA","CFAP47","PLD5","FIGN","NKAIN2","TNKS","DCLK2","NOS1","ACTB","LRRTM4","TCF4","NAV3","RPS4X","KCNQ3","ZFAND5","MACROD2","LRRTM4","SPIN1","CADM2","ZEB2","TMEM117","PACRG","PTPRK","PLXDC2","NFATC3","GPCPD1","TAOK3","CELF2"
"15","ANKRD36","GRM3","AC107223.1","MIAT","PHACTR1","NTM","SPOCK3","SNCAIP","SBF2","MACROD2","BICRAL","HCN1","LINGO2","CSRNP3","LDB2","LUZP2","PDIA6","THY1","ROBO2","ZNF248","PDE10A","ADGRL3","SCG2","TAFA1","PSD3","NPAS3","AC053513.1","DLG2","TUBA1A","SRGAP2","AC008415.1","FRMD4A","HSPB1","PBX3","SLC1A3","SEMA6D","PBX1","MAN2A1","GRIP1","MAGI2","DST","DOCK4","EPHA6","TOMM7","LRRTM3","LUZP2","NRG3","RIMS1","ERMN","AC092691.1","AL354809.1","POLR2F","C1orf61","MCTP1","USP9X","MARCH1","PARD3B","LMCD1-AS1","PPP2R2B","ADGRL3","KCNQ3","SORBS1","PCDH15","EEF1A1","CNTNAP2","KAZN","PDE1A","RPL11","CHST11","UBC","PLCB1","TMTC2","TTC17","GRM5","MAML2","SOS1","CDC14B","ZEB1","RUNX1","RERE","A2M","HIBADH","CBLB"
"16","CEP192","PTPRD","RPS6KA2","CAMKV","ERC1","KCND2","RYR3","PTPRO","ZMYM2","PHACTR1","UBE2R2","CSMD1","FBXL17","WDPCP","LIMCH1","XYLT1","CCDC144A","CALM3","GRIN2A","SPAG16","STXBP5L","SOX5","TSPYL1","CNTNAP2","SPRED2","IGF1R","MALAT1","ST18","PKM","FOXN3","AC092691.1","OPCML","STARD13","SOX2-OT","MALAT1","NRXN1","ESRRG","MOBP","PTPRT","SIK3","GOLGA4","MKLN1","ALCAM","RPS3A","PDE1C","ZNF804B","GPM6A","CDKAL1","APOD","LINC01322","AK5","ST18","NKAIN3","JAKMIP2","SNHG14","ANK2","HYDIN","KANK1","NRXN3","FCHSD2","RUNX1T1","PPP2R2B","NELL1","TPT1","DLGAP1","KCNC2","NRXN3","RPL13A","DOCK8","HSPD1","ROBO1","RGS7","NCOA1","PPFIA2","FCHSD2","NCAM2","UBR3","ITIH5","CD83","NFAT5","SLC39A10","NLK","PDE7A"
"17","NIPBL","AC008574.1","PPP2R2C","KCNIP2","DLG2","LARGE1","PRKG1","HTR2C","BRAF","SORCS1","ASH1L","KLF12","SH3RF2","BIRC6","UNC13C","SOX6","RSRP1","ARPP19","GRM3","AL049828.1","DLC1","DTNA","ST8SIA3","IL1RAPL1","CLVS1","NALCN","HDAC2-AS2","PTPRD","CLU","KCNQ3","CAMK2D","KAZN","HSP90AA1","GRIP1","LSAMP","AC013287.1","SGIP1","TMTC2","SYT1","PHLPP1","VPS13C","CHCHD3","CACNA2D3","RPL11","ZDHHC20","NRXN3","OBI1-AS1","GMDS","CSRP1","SNHG14","SLCO1A2","PCSK6","CTNND2","CAMK4","DDX5","WDFY3","DNAH12","PLD1","DIP2B","KANK1","TRAPPC9","GPM6A","MALAT1","CKB","FRMD4A","RBFOX1","PDE4D","TPT1","APBB1IP","HSPA9","FOXP2","NRG3","ZNF638","LUZP2","MTSS1","PICALM","PRKCE","CACNA1C","SAT1","NT5C2","DOCK9","ZBTB20","CDC42SE2"
"18","CPSF6","CNTN4","MACROD2","PTPN5","HTR2C","ADAMTS19","ADGRL3","GRID2","JMJD1C","NAV3","POGZ","DCC","MCTP1","SPTBN1","TMEM132D","LRP1B","GALNTL6","PSAP","HCN1","MTERF1","IQCJ-SCHIP1","CADM2","CALM1","DLG2","PGAP1","VWA8","AC023590.1","SIK3","TUBB2A","ST6GALNAC3","KCNQ5","ROBO1","TNKS","CPNE4","AC002429.2","FAM155A","AK5","DLG2","MEIS2","ST18","CCDC88A","UMAD1","ZBTB20","RPL36A","PIP4K2A","KCND2","CADM2","RPS6KA2","RNASE1","OPCML","KIF6","MYO1D","NRG3","WDR70","ZDHHC21","CCSER1","DNAH11","ABTB2","PPM1H","CTNND2","PTK2","NEAT1","NXPH1","XRRA1","TAFA1","SYT1","CELF2","RPL8","INPP5D","MXD1","FRAS1","CADPS","WSB1","ROBO2","ELMO1","KIAA1328","NAV3","SLC20A2","CTSB","UBE4B","IGF1R","GMDS-DT","RABGAP1L"
"19","ZDHHC17","RARB","SLC35F3","LENG8","GRIP1","MME","AC008415.1","CACNA1A","ZFAND3","ATP2B1","UBE4B","PDE1C","RGS7","LINC01122","INPP4B","NTM","SNAP25-AS1","IDS","EPHA7","AC104596.1","NRG3","NTM","APLP1","DCC","NETO1","AL049828.1","AC027288.3","SLC44A1","SOD1","ARHGAP24","PHACTR1","TCF4","ZNF331","MALAT1","SOX5","SLC35F1","AGBL4","DOCK10","LSAMP","FRMD5","SCAPER","DYNC1I1","KALRN","TPT1","PLXDC2","EPHA6","SOX5","STXBP5","FTL","LRRTM4","PBX1","CD22","FGFR3","KIAA0825","DDX17","STOX2","LRRIQ1","PTPRJ","SORT1","PTN","SNTG1","PITPNC1","GRIK2","KANSL1","NKAIN2","GRIP1","DSCAM","RPL35","ELMO1","ARIH1","NRXN1","EPHA6","KMT2A","DLG2","ITPR2","ANK2","AGBL4","CALD1","SRGAP2","PRKN","ELOVL7","GATAD2B","FOXN3"
"20","XRN1","AC092422.1","CSMD1","GOLGA8B","PLEKHA5","GRM3","ZNF385B","SGCD","MKLN1","AC009041.2","KDM2A","CNTNAP2","OPRM1","R3HDM1","GABRB1","MDGA2","RPS6KA2","VAMP2","SYN3","FARS2","DACH1","RORA","FKBP1A","DPYD","SH3RF2","TJP1","RFX4","FRMD5","DYNLL1","MEF2A","SOX2-OT","FRMPD4","DNAJA4","GABRG3","DTNA","SNTG1","RASAL2","PEX5L","NPAS3","PTPRD","SRRM2","KCND2","FGF12","RPS21","KNOP1","CLSTN2","PDE4D","REV3L","GPRC5B","NRG1","DCC","NFASC","RORA","NIPBL","RPL37A","LIMCH1","SYNE1","PDE4B","LAMA2","PPP2R2B","XKR6","DTNA","CCSER1","GAPDH","NAV3","SNHG14","CTNND2","RPS11","ARHGAP15","DNAJB1","PDE1A","CADM2","SNHG14","PBX3","DOCK4","WDFY3","FAM171B","NEAT1","NEAT1","ITFG1","SLC7A5","RALGAPA1","ZBTB20"
"21","VPS13C","CRYBG3","TMEM178B","DDX5","NAV3","HS3ST5","DCC","ASIC2","LRBA","FAT3","TAOK1","CDH12","COL25A1","CLASP1","ARAP2","DPP6","GOLGA8A","NCDN","EPHA6","SUMF1","PHACTR1","TNIK","TOMM20","MALAT1","PELI1","PCDH9","MGST1","RNF220","GNAS","SORL1","SYT1","SNHG14","BCAS2","NKAIN2","MGAT4C","TAC1","ASTN1","PPP2R2B","FGF14","PIP4K2A","CHD9","PHF14","TFDP2","RPL9","LINC00320","SYT1","ERBB4","ZNF292","GPR37","KIRREL3","OTUD7A","KAZN","PCDH9","CHSY3","RBM39","SLIT2","RFX3","CADM2","MAPT","PARD3B","RIMS2","PRKG1","NTM","PCSK1N","CELF2","SGCZ","OPCML","RPS6","SLC8A1","TOB1","PCDH9","MEG3","RBM6","KALRN","MBNL1","SMYD3","TMEM132B","ADAMTS9-AS2","FRMD4A","ANKH","MYRIP","ABL2","SMCHD1"
"22","RCOR3","FRMD5","NRG1","PABPN1","MACROD2","MCTP1","NRG3","HS6ST2","ARID1B","SGCZ","ARHGAP35","MIR137HG","PHACTR1","AGAP1","DMD","FGF14","CAMK1D","FAIM2","NECAB1","CCDC18-AS1","ROBO1","CTNND2","BLCAP","PCSK2","CDH8","APP","FILIP1L","MARCH1","TUBA1B","DOCK8","PLCB1","GRIA1","HSPD1","CELF2","ADGRV1","IL1RAPL1","SLC35F3","SLC24A2","FAM155A","ANK3","BOD1L1","KMT2C","GRM7","RPL30","DIP2C","KIRREL3","MSI2","KHDRBS2","CLDND1","GRIK2","VRK2","CERCAM","MMD2","KCTD16","HNRNPDL","GPM6A","KCNMB2","DUSP16","ROBO1","TMEFF2","FAM49B","NFIA","KCNB2","NCDN","DLG2","NPAS3","MGAT4C","RPLP1","EPB41L2","PER1","CELF2","DLG2","POGZ","SYT1","BMP2K","OXR1","WSB1","PTPRG","TNFRSF1B","WSB1","TBC1D4","SETD3","RUNX1"
"23","PIAS2","PCSK2","DLGAP2","CORO6","GRIN2B","DGKB","DSCAM","PRKCB","MED13L","DLG2","RPRD2","MEG3","SEMA6D","EHBP1","LINC01117","FAM155A","CCDC65","SERINC1","IQCJ-SCHIP1","AC002460.2","NTM","GABRB1","PCSK1N","NRXN3","MBNL2","GPC5","AC002429.2","PHLPP1","SELENOW","P2RY12","RYR2","DSCAM","HOMER1","ASIC2","SPARCL1","DGKB","ACBD6","PTPRD","PLCB1","RNF220","PRRC2C","SRPK2","DOCK3","RPL5","ST18","MALAT1","TNIK","EPB41L2","PTGDS","ERBB4","NT5DC1","OSBP2","NPAS3","MSH3","AAK1","GRIA2","NRG3","KIF13B","SLC9A9","PSD3","ARFGEF1","CNTN1","DLG2","CLU","MEG3","FSTL5","FRMD4A","FAU","NEAT1","ZSWIM6","GRM1","ASIC2","PNISR","CELF2","LPP","CDK13","PIAS1","ARHGAP29","LRMDA","POGZ","ST6GAL1","LRCH3","STAT4"
"24","HNRNPA2B1","AC021231.1","CACNA1A","SSBP4","PENK","ERBB4","DLGAP1","CDH9","ZBTB20","RIMS2","GPATCH8","RIMS2","MAN1A1","RAPGEF4","FSTL5","LSAMP","PHACTR1","HSP90AB1","RORA","STX18-AS1","MME","CDH20","CALM2","SLC8A1","DENND1B","GPC6","RAPH1","DOCK10","ATP6V0C","ELMO1","PPFIA2","UNC5D","DNAJB1","CNTN5","FAT3","FRAS1","FMN2","SLC44A1","ANKS1B","TMTC2","ANKRD12","ANKIB1","CMSS1","RPL7","PALM2-AKAP2","MEIS2","DTNA","PDE10A","PPP1R14A","NFIB","PPP1R9A","AATK","MSI2","AC008415.1","AUTS2","RNF150","ULK4","HS3ST5","NEAT1","ADARB2","CSMD1","NEBL","MDGA2","CALY","ATRNL1","FAM155A","HS3ST4","RPS27A","ST6GALNAC3","BCL6","MGAT4C","CSMD1","MBD5","ADCY2","TCF12","PHACTR1","BTBD9","ZFHX3","IRAK2","ADD1","VWF","FTO","PRKCB"
"25","SNX13","ADAMTS19","ADCY5","MRPL41","ATP2B1","KIRREL3","IQCJ-SCHIP1","PLCL1","MIR99AHG","DLGAP1","FBXO42","TENM2","PDE4D","CAMKMT","CCSER1","MALAT1","SORCS1","SCG2","ENOX1","JAK1","SLC24A2","MAGI2","PCP4","RYR2","RALGAPA1","RALGAPA1","FBXW8","TTLL7","RNASEK","ANKRD44","LRRC7","GRIN2A","IFRD1","FSTL5","FRMD4A","LUZP2","PPP1R12B","UNC5C","NETO1","EDIL3","MPHOSPH8","ATXN7L1","GSK3B","RPL14","RNF220","CDH18","NTRK2","PHIP","AMER2","RGS7","MIR99AHG","DNAJC6","AC002429.2","ARHGAP26","DDX3X","ATP8A1","SOX5","GPM6B","IQGAP1","LSAMP","PPP2R2A","NAV2","NRXN1","LINC00342","LSAMP","GRIK1","RBFOX1","RPS8","FAM49B","BTG2","CSMD3","ROBO2","CHD9","ADARB2","MEF2A","KCNIP4","GNAO1","PTN","B3GNT5","ATXN10","ESYT2","CLASP2","CCND3"
"26","ZDHHC21","CHSY3","ATP2B2","AP1G2","AC009041.2","SPOCK1","ASIC2","KIRREL3","POU2F1","PPFIA2","CBFA2T2","UNC5D","FNBP1L","USP34","AL391840.1","NXPH1","DNMT3A","MAP1B","ST6GALNAC5","AC046134.2","CACHD1","LRP1B","DKK3","CTNNA2","DLG1","ATP8A2","AC135782.1","UNC5C","HSP90AB1","EPB41L2","PDE1A","KCNMA1","NR4A3","UNC5D","AQP4","SORCS1","POU2F1","PLP1","DGKB","DOCK10","BDP1","CDK13","TBL1XR1","RPS14","CTNNA3","LSAMP","PRKG1","SOBP","SUN2","FAM155A","LINC00639","TMEM98","MACF1","CPLANE1","SYT11","BACH2","MAPK10","SOX2-OT","PARD3B","PPFIA2","ZNF704","MIR99AHG","DLGAP1","NBEA","TENM2","GABRB2","RALYL","RPL38","FOXN3","HSPE1","RIMS2","NRXN1","UBE2E2","PLCB1","FRMD4A","NBEA","AUTS2","NR2F2-AS1","PEAK1","UBAP2","PRKCH","RABGEF1","ATXN1"
"27","DYM","PLPPR1","MEG3","SLC22A17","KCNQ5","DACH1","AP003464.1","IL1RAPL1","KMT2C","RELN","RABEP1","MEG8","SHISA9","MAP2","KCTD8","CADM2","KNOP1","NSG2","SPOCK3","AZIN1-AS1","FGF14","PITPNC1","RGS14","PDE10A","HS6ST2","NCAM2","CCDC65","PIP4K2A","MALAT1","MAML2","NRG1","SOX5","SAT1","SYT1","FAM155A","NRXN3","RGL1","PDE4B","CADM2","SHTN1","PCM1","RAPGEF5","DLG1","PFDN5","MAP7","LRRTM4","AC002429.2","TBC1D32","TPPP","TCF4","GRIA4","MVB12B","SPARCL1","LINC01184","SPAG9","KIAA1109","SDK1","CHKA","GRIN2A","OPALIN","ATP6V1H","NAV3","NAV3","PKM","RALYL","PLCB1","MALAT1","RPS28","LDLRAD4","ZNF10","MSI2","RBFOX1","GPHN","MAML3","FMN1","PDS5B","MBD5","SLC1A3","MALT1","SNX29","LRMDA","TARBP1","KLF12"
"28","MICU3","MGAT4C","RBFOX3","CKB","SNHG14","PDE4D","SLC24A2","RAPGEF5","PAN3","GRIN2B","INSR","GABRG3","RAB3C","MALAT1","CDH4","VCAN","CACNB2","CALM2","KCTD8","LINC01184","HS6ST3","AC092691.1","ATP1B1","ROBO1","RGS7","MYO5A","UBE3A","SHTN1","UCHL1","MAP4K4","CACNA2D3","FGF14","HSPA1B","RIMS2","PDE4D","STXBP5L","EIF4G3","NTM","IL1RAPL1","ELMO1","U2SURP","COG5","ERC2","RPL17","PLCL1","FRMPD4","AC092691.1","PDE7B","GLUL","MDGA2","JAK1","PHACTR3","DST","MAP1B","TIAM1","APBB2","MIR99AHG","SLCO3A1","MATN2","DOCK3","CYP7B1","NKAIN3","PAM","TUBA1A","KCNQ5","LINGO2","CDH18","RPL37A","MAML3","JUND","PHACTR1","CDH8","N4BP2L2","DLGAP1","FOXN3","DMD","CACNB4","PLCB4","ST6GAL1","BICD1","RBMS3","SF1","BCL2"
"29","KIAA1109","GPR149","CAMK1D","PILRB","DLGAP1","DLC1","KCTD8","KIAA1217","TTC28","SNHG14","PAFAH1B1","LRRTM4","KHDRBS2","HECW2","TENM3","SNTG1","AL138828.1","SARAF","FAM155A","TMEM14B","RBFOX1","CADM1","FBXL16","PTPRD","JCAD","MIR99AHG","AC103974.1","CADM2","CFL1","CYFIP1","PTPRO","AC092691.1","HSPE1","GRIK2","NTM","CELF2","HS2ST1","FRMD5","GABRG3","FMNL2","ZRANB2","GLCCI1","STXBP5L","RPL35A","TTLL7","PLCB1","CTNND2","GMDS-DT","PMP22","NRXN1","LINC01608","PIK3C2B","ATP1A2","TMEM232","RBM25","TSPAN5","PLEKHA5","CDH20","LINC00639","OSBPL1A","MSRA","ADCY2","RBMS3","RTN4","NCAM2","OPCML","CLSTN2","RPL12","SRGAP2","ATP1B3","RALYL","SNHG14","SIK2","CNTN4","DISC1","GPHN","SNHG14","PDE7B","MSR1","VPS35L","ABLIM1","PIK3CB","FNBP1"
"30","PAPOLA","LARGE1","FSTL4","RHOT2","RIMS2","EYA1","UNC5C","KCNQ5","IMMP2L","PDZD2","ACACA","SORCS3","BMPER","PLCL1","KIAA1217","MMP16","MACROD2","HSP90AA1","CDH12","MIR2052HG","ROBO2","NEBL","ENC1","CADM2","PDE4B","MEIS2","LRTM1","SPOCK3","FTH1","SLC9A9","SNTG1","CNTNAP5","TXNDC11","MEIS2","ADGRL3","RYR2","CDC42BPA","MAP7","GALNTL6","ZEB2","USP47","AHCYL2","MCF2L2","COX4I1","OTUD7A","FAM155A","NKAIN3","HULC","NKX6-2","GRIA1","PPFIA2","SLC7A14-AS1","TNIK","PAM","NKTR","DCLK2","CSMD3","SGK1","FRY","HHIP","HMBOX1","ANK2","FRMD4A","PSAP","NRXN1","FRMD4A","NLGN1","RPL26","QKI","BCAS2","LSAMP","LSAMP","SETD5","SNHG14","CSGALNACT1","PKD2","DLGAP1","PTEN","CCNH","ASH1L","UTRN","SYT11","B2M"
"31","RICTOR","MAN1A1","SRRM3","RBFOX1","FAT3","AL158077.2","RGS6","DLGAP1","MBD5","SLC35F3","CASC4","GRM7","ELMO1","BABAM2","ANKRD17","IL1RAPL1","AATK","SPOCK2","LRMDA","AEBP2","KCNIP4","PPP2R2B","BEX3","CSMD1","ATXN1","FRY","RDX","NCAM2","BEX3","SLC8A1","EPHA6","NRG3","CALB1","CADM1","LRP1B","CADM2","PCNX2","PLCL1","CACNA1C","TTLL7","GOLGB1","CTTNBP2","PTPRG","NACA","QKI","PHACTR1","NFIA","FUT9","SPP1","CSMD1","SLC1A3","CNTN2","ABLIM1","SIL1","AMD1","SORBS2","CFAP70","PRKCA","ANO4","ANO4","GDAP1","CDH20","OXR1","PCDH9","CTNNA2","DLG2","RIMS2","RPL13","ST6GAL1","SYAP1","LRRC7","CPNE4","TNRC6A","DCLK1","C20orf194","CBFA2T2","N4BP2L2","COBLL1","SLC1A3","AGO3","SPTBN1","ACAP2","DOCK10"
"32","PCCA","SLC35F1","SMYD3","TRPM2","IL1RAPL1","HTR4","HS6ST3","GAD2","USP34","KCNQ5","UBE2K","SHISA9","HOMER1","FBXO11","PPP3CA","KCND2","SLC8A1-AS1","DKK3","DGKI","LINC00894","GRIA1","PREX2","C20orf27","SEMA3E","CPEB4","GABRB3","AC019197.1","TRIM2","HSPA8","IPCEF1","SLC35F1","ANKS1B","CLU","NRG1","CADM2","FGF14","CAMSAP2","ELMO1","LRRC7","TRIM2","SNHG14","CALN1","SOX2-OT","RPL39","FRMD5","SLC35F1","MGAT4C","TULP4","HSPA2","SOX6","ADGRL3","ARHGAP23","CDH20","HOMER1","ACACA","CPE","DTHD1","HAPLN2","ST6GALNAC3","TIAM1","ZFPM2","QKI","CHRM3","GDI1","CADM2","ANKS1B","ANKS1B","RPS7","ABR","PTGES3","FGF14","ANK3","CLASP2","ANKS1B","PEAK1","TAOK3","MPDZ","GPC5","PAG1","RAB11FIP3","PTPRM","ARHGEF7","IKZF1"
"33","RFX7","EML1","MYT1L","SGSM2","PPFIA2","PCDH9","PCDH7","COL24A1","NFAT5","RALYL","RAB6A","SNTG1","RBMS3","CACNB4","TSPAN5","CA10","PDXDC1","BEX1","ALCAM","LINC00271","LDB2","AC002429.2","FAIM2","FAT3","PDE10A","ZMYM2","MAK","PTPRK","RPL13","RASGEF1C","MEG3","RGS7","FOS","KCNT2","TNIK","GRIN2A","SDCCAG8","PTPRK","NAV3","ZBTB20","ASH1L","AC006148.1","SLMAP","RPL3","NEAT1","ADGRB3","LRP1B","SCAF8","OLIG1","NXPH1","MAML2","LDB3","NTRK2","PDZD2","SRSF11","NEK1","WDR49","PALM2-AKAP2","CNDP1","ANK3","DPYSL2","TRPM3","KCTD8","MAPK1","PEX5L","MEF2C","KHDRBS3","RPL14","SLC1A3","HNRNPU","RYR2","PPFIA2","ATRX","PCBP3","QKI","GNAQ","NCOA1","UTRN","CD86","ATXN1","TCF4","CDKAL1","PPP2R5C"
"34","SMG1","AL589740.1","PLXNA4","RSRP1","NRXN3","PTCHD1-AS","GABRB1","CCDC146","MBNL1","HTR2C","SETD2","RIT2","PPP2R2B","ROCK2","ANK2","SLC35F1","TMEM120B","NUCKS1","NETO2","ALOX12-AS1","CACNB2","SLC1A3","PNMA2","DMD","MALAT1","TTC3","AC074032.1","ELMO1","EIF1","LDLRAD4","TMTC1","HDAC9","RHEB","ADGRB3","APOE","ANKS1B","SYT14","DNM3","LRRTM4","UNC5C","HERC2","AKAP9","ANKRD28","PCP4","ATXN1","PCDH11Y","GABRB1","KCNQ5","TSC22D4","GRIA4","PDE7A","MBP","LRP1B","NR3C1","RAB11A","RAP1GDS1","CFAP44","HDAC2-AS2","TNIK","MARCH1","PRKDC","PRKCA","DLGAP2","TMEM161B-AS1","STXBP5L","ZEB2","XKR4","UBA52","SSH2","PRMT9","SYN2","CLSTN2","PICALM","RGS6","FMNL2","RNF38","RABGAP1","PDZRN3","UST","NF1","SNED1","ACACA","TNRC6B"
"35","TENT2","PWRN1","ABLIM2","SNRNP70","OSBPL8","CHSY3","KCND2","FSTL4","N4BP2L2","SNTG1","GATAD2B","MEIS2","SGCD","CERS6","STOX2","ADGRL3","NRG2","CHN1","UNC5C","KIAA0825","SYN3","PARD3","MT-ND3","ADARB2","MAP3K13","OTUD7A","G2E3-AS1","PLP1","NDUFA13","FCHSD2","BACH2","FAM155A","TSC22D2","TRHDE","CDH20","GPR158","RERE","LMCD1-AS1","OPCML","MARCH1","USP34","KMT2E","SUMF1","COX7C","LRRC7","PCDH9","FBXL7","TRMT11","CD9","SLC35F3","HDAC2-AS2","MAP4K4","SYNE1","TNPO1","HERC1","TBCK","SOX6","MAML2","KAZN","PCDH9","RAB2A","FBXL7","ROBO1","PEG3","GRIN2A","PTPRD","PDZRN4","MT3","ARHGAP26","IDI1","ESRRG","CAMK2D","PHF21A","ADGRB3","MEF2C","RTN3","RASA2","PDGFRB","CSF2RA","FNDC3A","CLDN5","MAP2K4","CHST11"
"36","MAPK8","CNKSR2","AUTS2","MT-CO3","KCNMA1","SLC35F3","ADAMTS3","GRIA4","NCOA2","NRXN3","MARK3","NEGR1","KCTD1","SOS1","EPHB1","ERBB4","PDZD2","ATP6V0C","NTM","AC011346.1","KHDRBS2","NKAIN3","PIANP","LRRTM4","ARID5B","HERC1","AC005400.1","NKAIN2","ATP5F1B","ADAM28","FGF12","DLGAP2","TUBA1A","MACROD2","PPP2R2B","KCNIP4","ASH1L","MAP4K4","SNHG14","TCF12","HNRNPDL","PDE1C","STAG1","RPL41","DOCK5","ADARB2","PPP2R2B","FYN","CLDN11","NRCAM","ARFGEF3","FBN1","SORBS1","RICTOR","LRPPRC","NR3C2","LINC00609","BCAS1","CA2","MIR181A1HG","PCM1","AQP4","SYT1","SLC22A17","DLGAP2","CCSER1","KCNMA1","RPL29","BMP2K","RANBP2","HDAC9","GALNT13","SCFD1","BRINP3","GAB2","ATXN2","TMEM232","ZBTB20","RIN2","AGAP1","B2M","ICE2","LRBA"
"37","ATE1","KCTD16","KCND3","RAB26","RYR2","CTNND2","SNTG1","CACNB2","UBR5","TAC1","PIP5K1A","FNDC3B","EML6","ZNF638","SORBS2","SOX5","LINC01250","PNMA2","ZNF804A","GABPB1-AS1","GPR149","NHSL1","MAPK1","NLGN1","SIK2","PWRN1","RNF213","ANO4","MIF","CHST11","OPCML","SGCZ","NEDD4L","ZSWIM6","GABRB1","MEG3","KCNH1","EDIL3","GRIN2A","SPOCK3","KIAA1109","ELMO1","PLCL2","RPS8","EMC10","CSMD3","AHCYL2","RCAN2","LAMP2","SPOCK1","MPDZ","TF","LINC00299","CWC27","DST","SCLT1","CCDC30","CHD7","DCC","UNC5C","NSD3","OBI1-AS1","SNHG14","RPL34","ANKS1B","TAFA2","NRG1","ATP5F1E","ARHGAP22","PDK4","GLCCI1","TENM2","TANC2","MAP2","ATXN1","NUTM2A-AS1","USP34","SLC19A1","FGD4","TMCC1","SORBS2","TECPR2","CLEC2D"
"38","MIB1","ENOX1","CSMD2","NPDC1","FGF14","RARB","DNAH6","LINC01117","PPP6R3","IL1RAPL1","MAP4","LINGO2","DNM3","GALNT13","SPOCK3","KAZN","KIAA1217","PHYHIP","SLIT2","GMDS-DT","CADM2","AL589740.1","SPOCK2","GRM7","TNKS","NOVA1","MYCBP2-AS1","NRXN3","COX6A1","QKI","PCDH9","DPP6","DUSP2","MEG3","CTNND2","GRIP1","XPR1","NPAS3","BACH2","SEPTIN7","ZNF638","PTPRN2","MAGI1","TMSB4X","MOBP","ANKS1B","ADGRB3","PACRG","EVI2A","NELL1","SYNDIG1","FA2H","PPP2R2B","ARL15","KIAA1109","SLC4A4","CRB1","DOCK1","MAML2","PPM1H","SGK3","MIR4300HG","GRIP1","VAMP2","NELL2","ZNF536","ARPP21","COX7C","ABCC4","TSC22D2","CADM2","ALCAM","MAGI1","TIAM1","NPL","PTPRA","AFF4","PDE8B","SRGAP2B","GDAP1","LIMCH1","CUL5","ETS1"
"39","ANKRD12","CAMK4","DGKI","ARHGEF4","SLC35F3","SPOCK3","CDH4","AC092604.1","EXOC4","OSBPL8","POLR2J3","PDE8B","AC092422.1","SLC4A10","SLC4A4","AGAP1","AC025159.1","TMEM30A","RYR3","CCNH","AC092691.1","NFIA","PRNP","RORA","PRKCE","NTRK3","AC008591.1","PDE8A","EEF1A1","HS3ST4","CSMD1","ASTN2","HMGCS1","AL589740.1","EDNRB","ESRRG","ARID4B","SPOCK3","CELF2","TMEM144","WDR60","SND1","CLASP2","RPL36","ATP8A1","PBX3","AC114971.1","FOXO3","ITM2B","CCSER1","SLC25A13","PLP1","MIR99AHG","FNIP1","TUT4","SCFD2","SPAG16","ADAM10","NFASC","MAML2","MTSS1","SOX5","KIAA1217","AL592183.1","ADGRB3","XKR4","ZFPM2","RPL3","ANKRD44","ESYT2","SNHG14","FGF12","PAFAH1B1","CHSY3","DOCK2","NCOA1","REEP1","RBPMS","ETV6","SMC5","PPFIBP1","PHIP","RIPOR2"
"40","PCMTD1","AL596087.2","OSBP2","PNCK","LRRC7","STXBP5L","ADAMTS19","ST6GALNAC3","POGZ","KCNMA1","CELF1","PCDH9","PPP2R2C","ACYP2","OTOF","DCC","MEG3","OIP5-AS1","DCLK1","AC119673.2","PTPRG","FBXL7","PEG3","MEG3","MEG8","DYRK1A","TOM1L1","ANK2","FTL","DIAPH2","ANK3","RBMS3","DNAJB6","NAV3","GLUL","CPNE4","ST6GALNAC5","ST6GALNAC3","ROBO2","CLASP2","AHI1","PCLO","ZNF148","EEF1B2","ANLN","PLCXD3","MIR99AHG","SGK1","PDE1A","NLGN1","ZHX2","PREX1","MAGI2","TMEM161B-AS1","AC107223.1","RUFY3","STK33","ESRRG","GREM1","ST6GALNAC3","NRG1","ZBTB20","PRKG1","ACTG1","MEF2C","DLX6-AS1","CNTNAP2","RPL37","PALD1","MIDN","SLC35F3","CACNB4","PHACTR4","MEG3","DPYD","RAPGEF2","TTN-AS1","ARHGAP42","ST6GALNAC3","BIRC6","TACC1","SDCCAG8","BCL11B"
"41","ASCC3","CDH12","PPP1R16B","QTRT1","FRMD4A","LINC02137","NDST3","THRB","ASH1L","GRIP1","ZBTB8OS","PLXDC2","ZSWIM6","PTPN4","WDFY3","NPAS3","PCSK1N","DPYSL2","CDH9","AC138627.1","FOXP1","MGAT4C","ATP1A1","DCLK1","DGKI","TCF12","KCNIP2-AS1","SPOCK1","PRDX2","ATP8B4","GALNTL6","IL1RAPL1","NTRK2","CSMD1","NFIA","LRRTM3","JAK1","ZEB2","LRRC4C","MAN2A1","MACF1","LHFPL3","XRN1","RPL35","ZNF536","SLC35F4","AC073050.1","GRIK2","AL359091.1","CADM2","PPM1H","LDLRAD4","CKB","DMXL1","PCM1","NDST3","NEK11","ATP10B","DOCK4","GRIK2","ASPH","NTRK2","PCDH7","AC009041.2","PTPRK","PDZRN3","DLGAP1","EIF1","DISC1","MOB4","SORCS1","ROBO1","GABPB1-AS1","CERS6","MAN1A1","ANKRD12","EHBP1","ARHGAP10","ARHGAP21","ACAP2","FLI1","BPTF","EML4"
"42","RASA1","CASK","AC007563.2","TMEM259","GRM5","GRID2","GRM1","MYRIP","BTRC","AL008633.1","GLG1","GABRB1","ESRRG","CNTNAP5","NKAIN2","CHST11","TIAM1","NUDT3","BRINP1","PRKN","DGKI","NTRK2","OAZ1","GABRG3","KHDRBS2","PCNX1","P2RY14","PALM2-AKAP2","SLC22A17","TBXAS1","GRIK2","ADGRB3","ARG2","OPCML","RORA","MCTP1","CACNA1E","AC008571.2","RIMS2","DNM3","ZNF292","ADAM22","BBX","RPL23A","ANK3","LRRC4C","FMNL2","SENP6","JUND","GPC6","GALNT13","STRN","NDRG2","CSNK1A1","SSH2","RAPGEF2","PACRG","AC008571.2","ARFGEF3","KCNK10","RB1CC1","RORA","MEG3","ATP2B1","PDE4D","SNTG1","DLG2","RPS18","CELF2","GADD45B","ZNF804B","SPHKAP","RABGAP1","CACNA2D1","NRP1","NAV1","CIRBP","IGFBP7","ZSWIM6","MED13L","RAPGEF2","SHPRH","THEMIS"
"43","RBM26","KIRREL3","DLGAP4","HNRNPDL","NEBL","PAM","GALNTL6","AC109466.1","SUPT3H","FGF14","GNB1","KHDRBS2","SPRED1","THADA","UNC5D","ANKS1B","MIR646HG","AUXG01000058.1","KCNQ5","UPP2","CACNA2D3","RBMS3","MAP1A","MARCH1","SIK3","TTC28","ENTPD3-AS1","PEX5L","MDH1","MAML3","SNHG14","MTUS2","FBXO33","CDH11","GLUD1","ADARB2","PATJ","TMEM144","CNTNAP2","ERBIN","HNRNPA2B1","CUX1","GOLGA4","RPL12","FAM107B","PDE4D","ZBTB20","HIVEP2","NDRG1","CACNA2D3","COL4A5","PDE1C","RYR3","FAM13B","SMCHD1","TAPT1-AS1","ANK2","PDE8A","TRIM9","GRIA2","PCMTD1","ADAMTSL3","SLC44A5","MTRNR2L12","KALRN","GRIA4","MEG3","RPL7A","JAZF1","APOE","CACNA2D3","ADGRB3","MYO9A","MDGA2","TBXAS1","L3MBTL4","MAT2A","SLC38A11","PPARD","RABGAP1L","FOXP1","MIR99AHG","STK4"
"44","GSK3B","CDH9","XKR6","ACTN1","AL008633.1","NRGN","PPP3CA","AK5","CDK13","GRM5","ITCH","FGF14","PTPRG","TMEFF2","GRIA4","NCAM2","RYR3","RTN4","AL591519.1","AC008269.1","MEIS2","SPARCL1","CAMKV","FRMPD4","PKIA","FNDC3A","AC077690.1","DPYD","ATP1A3","CX3CR1","MEIS2","CELF2","STX12","ROBO1","CACNB2","AL589740.1","MAN1A2","NCAM2","ADGRB3","NPAS3","ERCC6L2","LMBR1","AC046134.2","RPS13","ENO4","SNHG14","QKI","RNGTT","SYT11","AC073050.1","AMER2","GAS7","TTYH1","ZFR","TTC28","LARP1B","DMD","NCKAP5","DLC1","LINC00639","MTDH","FMN2","TCF4","SNHG14","ADGRL3","THRB","FGF12","RPL27A","C3","ZFP36L1","ENOX1","CNTN1","PIAS1","NRXN1","MED13L","POLR2J3","GPI","DCN","ZC3HAV1","USP32","NEBL","POLK","SIK3"
"45","NBAS","RBMS1","CACNA1E","SAT2","CACNA1C","PWRN1","COCH","ERC2","WDFY3","LRRC7","FNBP1","FCHSD2","RASGRP1","NCKAP1","RNF150","CSMD3","SLC35F3","PREPL","KCNT2","LINC02062","EFNA5","NEAT1","SLC12A5","LRRC7","NCOA2","RTN1","SHISA6","PLXDC2","TPI1","ABR","KCND2","MEG3","ZC3H12C","LSAMP","LRRC4C","SYT1","DIPK1A","DPYD","CNTN4","PTGDS","ZFYVE16","TPST1","RBMS3","RPL23","PDE4B","DOCK10","FAM155A","ARFGEF3","CARNS1","PLXDC2","SLIT2","PHLDB1","FBXL7","NRG2","CEP192","LDB2","MSI2","CDK6","ASTN2","SEMA6A","WWP1","ABLIM1","NEGR1","CCDC144A","DSCAM","LRRC7","DPP10","RPL23A","MEF2C","SRSF3","MDGA2","UNC5C","AUTS2","DYNC1I1","ZFHX3","CACNB2","RNPC3","MYO1B","QKI","TRAPPC9","CRIM1","AL049828.1","ARID1B"
"46","SFPQ","NELL2","GNG7","WSB1","MEIS2","MTUS2","CACNB2","UTRN","SETD5","NEBL","CERS4","ZBTB20","HIVEP2","ANKRD36","ATP8A1","ATRNL1","LONRF2","KIF1A","ADGRB3","PRH1","KCNIP1","TPD52L1","VAMP2","CACNA2D3","THRB","PCCA","DDX5","PLCL1","CHCHD10","INPP5D","NRXN1","CNTNAP2","RGS2","CTNNA2","PTPRZ1","PTPRT","RPRD2","NCKAP5","PTCHD1-AS","AGAP1","KMT2A","POT1-AS1","SETD5","RPS3","DSCAML1","RYR2","ANK2","SNAP91","TF","PTPRK","KLHL32","GNAO1","CTNNA2","EFNA5","SON","GPC5","HTR2C","AC004158.1","PTPRJ","CPB2-AS1","LRP12","FAM189A2","LSAMP","UBC","DAB1","ZNF385D","ANK3","ATP5ME","CAMK1D","ID4","FGF12","MEG8","DDX17","NTM","MAF","PPP3CA","PCNX1","TCF4","LIMS1","NUTM2B-AS1","SORBS1","RIC1","CNOT6L"
"47","PCNX1","AKAP6","CAMTA1","CELF5","JMJD1C","PPP2R2B","SGCD","OCA2","LCOR","RYR2","ASXL1","DLGAP1","LRRC7","MGAT5","ZFPM2","DLGAP1","LRRC37A3","ATP2A2","EPHB1","AL359232.1","ATRNL1","ZBTB20","PEG10","RALYL","SGIP1","MYO9A","TCHP","DNM3","GABARAP","PTPRJ","PTPRG","GRIK1","CPEB4","ANK3","SPON1","CACNB2","DNAJC6","GAB1","AC008415.1","FRYL","RBM25","SMURF1","SETD2","SNHG6","NPAS3","GRIA1","NCAM2","CEP85L","QDPR","DGKB","EPB41L2","NFIX","MT3","AFF4","BIRC6","FRYL","MAGI2","DOCK5","ANK3","SIPA1L1","MCPH1","MAGI2","CNTNAP2","TUBA1B","CHRM3","LSAMP","ERC2","RPS20","RASAL2","NEAT1","CADM1","RIMS2","TAF15","DGKB","EDA","NR3C2","RPRD2","FTX","PDE3B","RBM6","SLC2A1","RAB3GAP1","SYNE2"
"48","COP1","LSAMP","NAV2","UCHL1","RALYL","CAMK4","ANKS1B","GRIP1","CSNK1A1","JMJD1C","UBR2","ANK3","GRM8","MYT1L","HTR4","SOX2-OT","CRTC3","BLCAP","INPP4B","AC008014.1","ADAMTS3","CABLES1","TUBB4A","PCDH9","DGKB","PIBF1","AC068282.1","ERBB4","CALM1","SRGAP2B","RIMS2","PDE4D","UAP1","PDE10A","FGFR3","DLGAP1","NMNAT2","CADM2","GRIK2","PEX5L","ANKRD11","AVL9","CACNA1D","NDUFB2","GRID1","GABRG3","AL137139.2","AHI1","PRNP","PRR16","PLXDC2","RTN4","ERBB4","GRIA1","NCOR1","PPA2","SPEF2","SAMD12","CLMN","PLPPR1","PKIA","DAAM2","RIMS2","PHYHIP","ERC2","GRIN2B","SNHG14","RPS24","KCNMA1","CCNH","PRKG1","UNC5D","RERE","TMTC2","AKAP13","PAN3","HDAC8","PDZD2","NR4A2","MACF1","LEF1","SFSWAP","AKAP13"
"49","LCOR","CDH11","RYR3","SUGP2","GNAL","SNTG1","LDB2","DCC","ARIH1","PRKG1","WSB1","CADM1","RBM20","RNF144A","GRIA2","CTNND2","AP003464.1","KLC1","TENM2","ATP6AP1L","KCND2","MSI2","WASF1","PHACTR1","PAM","RYR3","FOXG1","TCF12","OAZ1","ARHGAP22","AUTS2","COL19A1","TMSB10","CACNA1C","PRKG1","RIMS2","SCMH1","DLC1","GRM7","PDE1C","KMT2C","VPS50","ULK4","RPS18","MAP4K4","LRRC7","PARD3B","DOP1A","S100B","NBEA","BACH2","MYRF","SFXN5","FSTL4","USP34","GABRA2","LINC02055","FAM13C","PIEZO2","CREB5","CLVS1","CADM2","DMD","MEG3","KCNMA1","LRP1B","KALRN","RPL23","DOCK10","PDE7A","TIAM1","LRFN5","NFAT5","SLC8A1","ABCA1","KAT6B","TRIP12","GRM8","PLA2G4A","VPS13D","SYNE1","TAF15","CD247"
"50","RNGTT","CCDC85A","RGS9","CAMK2B","UNC5D","GRM1","MALAT1","COL21A1","FTX","ROBO2","AGO3","NLGN1","GPC5","ANKRD36C","KCNIP4","SEMA5A","PPP2R2C","USP11","RCAN2","POT1-AS1","NRG1","ADGRB3","LPL","GRM1","OSBPL8","NIN","PPP2R3A","ZEB2","RPL18","AOAH","KCNH1","EDIL3","ARIH1","PLXDC2","MSI2","FAT3","DOCK7","RASGRF2","KCNT2","MAP7","HERC1","CNOT4","RARB","RPL38","MARCH1","VWC2L","NAV3","CDK19","CD81","CADPS","DLEU2","BCAS1","ZBTB20","FBXW11","MYO5A","PPP2R2C","ZBBX","HHIP","LPAR1","TTLL7","OXR1","MSI2","ANK3","ITFG1","CNTN4","UNC5D","HS6ST3","RPL17","TBXAS1","EGR1","MYO16","PDE4D","VPS53","GRIA1","DENND1A","UBR5","R3HDM1","AC092957.1","RAPGEF1","KATNBL1","ZBTB20","LSM14A","SLC38A1"
